-- MySQL dump 10.13  Distrib 8.0.23, for Win64 (x86_64)
--
-- Host: localhost    Database: vk
-- ------------------------------------------------------
-- Server version	8.0.23

/*!40101 SET @OLD_CHARACTER_SET_CLIENT=@@CHARACTER_SET_CLIENT */;
/*!40101 SET @OLD_CHARACTER_SET_RESULTS=@@CHARACTER_SET_RESULTS */;
/*!40101 SET @OLD_COLLATION_CONNECTION=@@COLLATION_CONNECTION */;
/*!50503 SET NAMES utf8mb4 */;
/*!40103 SET @OLD_TIME_ZONE=@@TIME_ZONE */;
/*!40103 SET TIME_ZONE='+00:00' */;
/*!40014 SET @OLD_UNIQUE_CHECKS=@@UNIQUE_CHECKS, UNIQUE_CHECKS=0 */;
/*!40014 SET @OLD_FOREIGN_KEY_CHECKS=@@FOREIGN_KEY_CHECKS, FOREIGN_KEY_CHECKS=0 */;
/*!40101 SET @OLD_SQL_MODE=@@SQL_MODE, SQL_MODE='NO_AUTO_VALUE_ON_ZERO' */;
/*!40111 SET @OLD_SQL_NOTES=@@SQL_NOTES, SQL_NOTES=0 */;

--
-- Table structure for table `communities`
--

DROP TABLE IF EXISTS `communities`;
/*!40101 SET @saved_cs_client     = @@character_set_client */;
/*!50503 SET character_set_client = utf8mb4 */;
CREATE TABLE `communities` (
  `id` int unsigned NOT NULL AUTO_INCREMENT COMMENT 'Идентификатор сроки',
  `name` varchar(150) NOT NULL COMMENT 'Название группы',
  `created_at` datetime DEFAULT CURRENT_TIMESTAMP COMMENT 'Время создания строки',
  `updated_at` datetime DEFAULT CURRENT_TIMESTAMP ON UPDATE CURRENT_TIMESTAMP COMMENT 'Время обновления строки',
  PRIMARY KEY (`id`),
  UNIQUE KEY `name` (`name`)
) ENGINE=InnoDB AUTO_INCREMENT=101 DEFAULT CHARSET=utf8mb4 COLLATE=utf8mb4_0900_ai_ci COMMENT='Группы';
/*!40101 SET character_set_client = @saved_cs_client */;

--
-- Dumping data for table `communities`
--

LOCK TABLES `communities` WRITE;
/*!40000 ALTER TABLE `communities` DISABLE KEYS */;
INSERT INTO `communities` VALUES (1,'laboriosam','1981-08-19 20:09:28','1973-09-14 23:47:38'),(2,'eius','2009-11-20 01:27:21','2013-10-22 20:34:42'),(3,'ut','1981-01-16 14:03:18','1983-03-18 06:30:05'),(4,'vitae','2010-11-10 18:30:50','2015-09-16 16:43:24'),(5,'nisi','1987-09-22 14:44:15','1995-12-21 06:03:23'),(6,'accusantium','1988-03-30 05:22:42','1972-03-06 23:12:50'),(7,'iusto','1981-09-24 22:48:05','2008-08-11 05:35:44'),(8,'est','2007-11-08 12:52:34','2006-08-06 14:01:04'),(9,'repudiandae','2004-05-10 03:34:37','2008-03-05 03:20:22'),(10,'magni','1992-01-18 03:49:42','1974-03-11 18:43:12'),(11,'non','2012-12-14 01:48:27','1982-04-17 12:12:03'),(12,'labore','1981-03-19 16:03:35','1977-02-26 12:52:22'),(13,'vero','2012-06-25 22:44:37','2015-03-19 04:14:49'),(14,'et','2008-12-24 01:08:16','2009-07-06 09:48:39'),(15,'ad','1980-02-21 19:29:19','1990-11-20 03:12:10'),(16,'qui','2009-07-07 20:10:26','1994-08-09 08:41:44'),(17,'doloremque','2001-08-14 09:40:18','1978-07-20 23:30:09'),(18,'officiis','2009-09-13 07:42:29','2003-04-28 23:51:27'),(19,'quam','1974-09-19 14:25:31','1977-10-19 02:51:44'),(20,'unde','2009-04-28 03:05:42','1990-08-31 21:19:32'),(21,'necessitatibus','1994-11-19 15:32:31','2005-02-05 16:24:02'),(22,'sequi','1981-08-24 04:47:27','1975-04-09 08:46:40'),(23,'dolor','1971-09-29 04:35:30','2020-07-24 10:42:30'),(24,'ea','1992-09-02 13:47:26','1972-02-10 14:05:35'),(25,'laudantium','1985-03-17 16:46:45','1991-09-08 20:21:10'),(26,'voluptatem','2013-09-11 18:29:49','1987-02-11 01:33:31'),(27,'dolores','2011-12-17 07:32:30','2016-09-07 14:52:14'),(28,'ducimus','2011-01-20 01:00:23','1990-09-05 02:35:01'),(29,'consequatur','1996-01-10 13:32:44','2019-03-12 15:55:57'),(30,'molestiae','2001-01-28 08:05:39','1994-08-30 14:25:05'),(31,'dicta','2007-12-29 06:48:03','2020-02-07 00:58:47'),(32,'assumenda','1987-12-17 08:50:06','2000-09-16 15:48:16'),(33,'rem','1976-06-17 11:14:25','2000-10-03 13:54:28'),(34,'nihil','1996-12-16 16:53:03','1981-10-22 13:30:55'),(35,'autem','1999-12-27 12:10:40','1986-06-20 20:06:42'),(36,'architecto','2006-11-22 15:10:55','1990-10-24 05:47:32'),(37,'velit','2012-07-28 22:30:03','2002-12-11 18:02:53'),(38,'numquam','1999-04-05 21:50:24','1980-01-04 22:34:16'),(39,'excepturi','1988-02-13 04:19:49','2014-06-24 07:32:08'),(40,'saepe','1980-02-21 22:47:00','1982-03-05 11:11:55'),(41,'soluta','1995-01-26 00:06:19','1986-01-03 02:53:23'),(42,'sit','1984-03-13 09:09:10','2008-01-14 04:20:39'),(43,'recusandae','2013-05-12 12:47:11','2006-09-26 23:46:09'),(44,'harum','2016-03-19 07:29:22','2013-08-11 21:27:39'),(45,'vel','1993-12-13 14:09:24','2004-05-11 13:14:21'),(46,'amet','2015-08-22 03:36:39','1996-08-25 08:01:04'),(47,'magnam','1990-10-07 07:36:46','2014-10-01 18:30:55'),(48,'commodi','1982-03-22 01:10:15','2016-08-10 06:15:09'),(49,'tempore','1978-12-14 14:33:03','2004-04-27 19:17:01'),(50,'voluptatum','1987-04-14 18:55:52','1994-10-01 19:25:21'),(51,'eaque','1996-03-10 05:51:05','2016-07-12 20:54:48'),(52,'dignissimos','2015-06-04 22:03:23','1972-11-30 12:26:25'),(53,'ratione','1982-08-08 05:17:41','2009-02-04 14:17:04'),(54,'nesciunt','2007-06-07 12:50:57','1991-01-29 00:30:42'),(55,'sapiente','1984-03-12 13:01:43','2003-05-12 07:43:49'),(56,'quia','1981-01-01 12:48:27','2019-03-30 15:55:44'),(57,'nam','2000-11-07 10:01:10','1987-08-30 23:52:39'),(58,'aut','1992-12-13 10:13:21','1987-11-28 13:54:29'),(59,'quas','1972-06-30 11:01:00','2018-07-25 13:54:01'),(60,'iste','1998-12-13 01:11:41','1975-11-11 16:28:14'),(61,'placeat','1974-12-29 20:50:11','2006-05-08 17:23:28'),(62,'libero','1991-01-08 18:37:28','1988-11-06 16:16:23'),(63,'ullam','2013-06-05 02:51:44','1981-03-19 13:45:51'),(64,'adipisci','2017-08-08 06:19:20','2006-12-13 13:50:21'),(65,'a','1979-05-28 10:22:45','2005-09-05 17:23:41'),(66,'rerum','1990-11-30 11:51:46','2018-09-03 05:32:25'),(67,'omnis','1991-08-15 23:37:03','1996-03-29 18:04:00'),(68,'repellendus','2010-04-05 10:02:02','1986-10-12 20:08:49'),(69,'corporis','1983-07-07 13:04:33','1995-11-02 05:09:08'),(70,'alias','1973-08-27 14:26:56','2004-07-05 11:36:11'),(71,'totam','1970-09-18 06:47:15','2014-12-22 06:42:30'),(72,'explicabo','2020-09-26 11:26:13','2002-04-11 04:43:47'),(73,'voluptas','1987-04-28 06:30:22','2001-06-28 17:12:00'),(74,'sed','1999-07-13 14:16:11','2016-08-13 05:13:37'),(75,'eligendi','1978-03-12 02:30:05','1971-03-16 11:37:57'),(76,'voluptatibus','1981-09-29 20:13:04','1982-05-09 05:17:28'),(77,'porro','2019-12-13 21:02:29','1992-11-11 05:09:06'),(78,'reiciendis','2008-03-03 04:10:44','1998-09-25 01:02:52'),(79,'accusamus','1990-11-11 02:53:52','2001-10-18 22:30:36'),(80,'asperiores','1987-01-09 23:56:22','1993-06-09 12:17:34'),(81,'quo','2009-03-25 19:33:31','2016-03-23 00:44:32'),(82,'eum','2011-07-01 10:47:00','1972-11-26 16:25:13'),(83,'in','2007-07-02 23:30:57','2019-06-23 05:22:14'),(84,'impedit','1978-12-25 03:18:01','1974-07-24 01:18:32'),(85,'nulla','1997-06-25 17:51:26','2007-08-20 11:14:53'),(86,'ab','1983-06-13 13:48:37','2018-11-10 16:56:53'),(87,'voluptates','2013-01-02 11:48:07','1988-03-25 22:04:59'),(88,'optio','2002-07-24 20:12:43','1994-03-01 01:27:19'),(89,'enim','2015-11-27 17:32:13','1974-11-28 17:08:28'),(90,'tenetur','1990-12-22 06:33:47','1977-01-20 18:25:52'),(91,'possimus','2009-07-07 12:09:50','1997-06-19 23:55:13'),(92,'eos','2014-05-23 12:02:31','2010-10-14 05:16:25'),(93,'quos','1997-02-13 17:00:58','1987-10-17 00:02:19'),(94,'minus','1982-10-09 21:18:35','1982-07-07 23:50:31'),(95,'nemo','1983-01-17 18:13:01','1984-09-06 10:10:19'),(96,'distinctio','1984-07-04 12:39:40','1985-11-26 22:13:08'),(97,'sunt','1983-05-22 09:51:17','1989-09-22 11:16:03'),(98,'illo','1989-01-04 16:23:51','2013-02-24 22:15:47'),(99,'veniam','1988-12-05 00:00:42','1970-06-28 03:24:14'),(100,'expedita','1982-04-08 18:57:03','1986-12-03 05:05:46');
/*!40000 ALTER TABLE `communities` ENABLE KEYS */;
UNLOCK TABLES;

--
-- Table structure for table `communities_users`
--

DROP TABLE IF EXISTS `communities_users`;
/*!40101 SET @saved_cs_client     = @@character_set_client */;
/*!50503 SET character_set_client = utf8mb4 */;
CREATE TABLE `communities_users` (
  `community_id` int unsigned NOT NULL COMMENT 'Ссылка на группу',
  `user_id` int unsigned NOT NULL COMMENT 'Ссылка на пользователя',
  `created_at` datetime DEFAULT CURRENT_TIMESTAMP COMMENT 'Время создания строки',
  PRIMARY KEY (`community_id`,`user_id`) COMMENT 'Составной первичный ключ'
) ENGINE=InnoDB DEFAULT CHARSET=utf8mb4 COLLATE=utf8mb4_0900_ai_ci COMMENT='Участники групп, связь между пользователями и группами';
/*!40101 SET character_set_client = @saved_cs_client */;

--
-- Dumping data for table `communities_users`
--

LOCK TABLES `communities_users` WRITE;
/*!40000 ALTER TABLE `communities_users` DISABLE KEYS */;
INSERT INTO `communities_users` VALUES (1,1,'2021-04-02 20:08:23'),(1,5,'2021-04-02 20:10:15'),(1,10,'2021-04-02 20:10:15'),(1,19,'2021-04-02 20:10:15'),(1,21,'2021-04-02 20:10:15'),(2,1,'2021-04-02 20:10:15'),(2,100,'2021-04-02 20:14:49'),(3,1,'2021-04-02 20:10:15'),(3,100,'2021-04-02 20:14:49'),(6,1,'2021-04-02 20:10:15'),(6,2,'2021-04-02 20:10:15'),(6,27,'2021-04-02 20:14:49'),(6,100,'2021-04-02 20:14:49'),(7,3,'2021-04-02 20:10:15'),(10,10,'2021-04-02 20:12:06'),(10,55,'2021-04-02 20:14:49'),(11,1,'2021-04-02 20:12:06'),(11,2,'2021-04-02 20:12:06'),(11,21,'2021-04-02 20:14:49'),(12,99,'2021-04-02 20:12:06'),(13,19,'2021-04-02 20:12:06'),(13,21,'2021-04-02 20:12:07'),(13,54,'2021-04-02 20:12:07'),(13,76,'2021-04-02 20:12:06'),(13,100,'2021-04-02 20:12:06'),(14,51,'2021-04-02 20:12:07'),(15,41,'2021-04-02 20:12:07'),(16,13,'2021-04-02 20:20:41'),(16,31,'2021-04-02 20:12:07'),(19,31,'2021-04-02 20:12:07'),(19,56,'2021-04-02 20:12:07'),(21,18,'2021-04-02 20:12:07'),(21,19,'2021-04-02 20:14:49'),(22,100,'2021-04-02 20:17:13'),(23,1,'2021-04-02 20:14:49'),(23,44,'2021-04-02 20:18:56'),(23,54,'2021-04-02 20:14:49'),(23,100,'2021-04-02 20:18:44'),(24,51,'2021-04-02 20:14:49'),(24,55,'2021-04-02 20:18:56'),(26,3,'2021-04-02 20:18:37'),(26,39,'2021-04-02 20:20:41'),(29,33,'2021-04-02 20:20:41'),(30,1,'2021-04-02 20:14:49'),(30,17,'2021-04-02 20:18:37'),(30,93,'2021-04-02 20:20:41'),(31,10,'2021-04-02 20:14:49'),(31,17,'2021-04-02 20:12:07'),(32,1,'2021-04-02 20:12:07'),(32,17,'2021-04-02 20:20:41'),(33,1,'2021-04-02 20:12:07'),(33,70,'2021-04-02 20:18:56'),(33,100,'2021-04-02 20:14:49'),(34,20,'2021-04-02 20:18:37'),(34,51,'2021-04-02 20:20:41'),(40,19,'2021-04-02 20:20:41'),(41,2,'2021-04-02 20:14:49'),(41,22,'2021-04-02 20:18:56'),(44,1,'2021-04-02 20:14:49'),(44,19,'2021-04-02 20:18:37'),(44,78,'2021-04-02 20:20:41'),(46,1,'2021-04-02 20:12:07'),(52,79,'2021-04-02 20:18:56'),(52,99,'2021-04-02 20:14:49'),(53,21,'2021-04-02 20:14:49'),(54,2,'2021-04-02 20:14:49'),(55,41,'2021-04-02 20:14:49'),(55,44,'2021-04-02 20:18:56'),(56,2,'2021-04-02 20:12:07'),(59,21,'2021-04-02 20:18:44'),(60,88,'2021-04-02 20:18:56'),(61,18,'2021-04-02 20:18:44'),(63,19,'2021-04-02 20:14:49'),(63,20,'2021-04-02 20:20:41'),(63,99,'2021-04-02 20:18:56'),(66,31,'2021-04-02 20:14:49'),(66,55,'2021-04-02 20:17:13'),(66,88,'2021-04-02 20:18:44'),(69,100,'2021-04-02 20:20:41'),(70,33,'2021-04-02 20:14:49'),(71,18,'2021-04-02 20:14:49'),(72,80,'2021-04-02 20:20:41'),(73,66,'2021-04-02 20:18:56'),(73,76,'2021-04-02 20:14:49'),(76,3,'2021-04-02 20:14:49'),(77,3,'2021-04-02 20:12:07'),(77,10,'2021-04-02 20:17:13'),(79,31,'2021-04-02 20:14:49'),(79,88,'2021-04-02 20:18:44'),(81,17,'2021-04-02 20:14:49'),(88,21,'2021-04-02 20:17:13'),(90,1,'2021-04-02 20:14:49'),(90,11,'2021-04-02 20:18:56'),(91,88,'2021-04-02 20:18:44'),(91,91,'2021-04-02 20:14:49'),(99,19,'2021-04-02 20:17:13'),(99,56,'2021-04-02 20:14:49'),(99,66,'2021-04-02 20:18:44'),(99,91,'2021-04-02 20:17:13'),(100,10,'2021-04-02 20:14:49');
/*!40000 ALTER TABLE `communities_users` ENABLE KEYS */;
UNLOCK TABLES;

--
-- Table structure for table `friendship`
--

DROP TABLE IF EXISTS `friendship`;
/*!40101 SET @saved_cs_client     = @@character_set_client */;
/*!50503 SET character_set_client = utf8mb4 */;
CREATE TABLE `friendship` (
  `user_id` int unsigned NOT NULL COMMENT 'Ссылка на инициатора дружеских отношений',
  `friend_id` int unsigned NOT NULL COMMENT 'Ссылка на получателя приглашения дружить',
  `friendship_status_id` int unsigned NOT NULL COMMENT 'Ссылка на статус (текущее состояние) отношений',
  `requested_at` datetime DEFAULT CURRENT_TIMESTAMP COMMENT 'Время отправления приглашения дружить',
  `confirmed_at` datetime DEFAULT NULL COMMENT 'Время подтверждения приглашения',
  `created_at` datetime DEFAULT CURRENT_TIMESTAMP COMMENT 'Время создания строки',
  `updated_at` datetime DEFAULT CURRENT_TIMESTAMP ON UPDATE CURRENT_TIMESTAMP COMMENT 'Время обновления строки',
  PRIMARY KEY (`user_id`,`friend_id`) COMMENT 'Составной первичный ключ'
) ENGINE=InnoDB DEFAULT CHARSET=utf8mb4 COLLATE=utf8mb4_0900_ai_ci COMMENT='Таблица дружбы';
/*!40101 SET character_set_client = @saved_cs_client */;

--
-- Dumping data for table `friendship`
--

LOCK TABLES `friendship` WRITE;
/*!40000 ALTER TABLE `friendship` DISABLE KEYS */;
INSERT INTO `friendship` VALUES (1,1,1,'2004-11-18 03:44:57','2012-08-22 05:31:34','2006-10-09 09:50:42','2006-07-08 14:52:49'),(2,2,2,'2015-10-28 12:55:42','1971-01-01 11:38:22','1977-08-19 07:27:53','1985-09-19 20:59:28'),(3,3,3,'1981-04-19 01:54:32','1974-12-27 08:22:23','1978-04-14 02:57:46','2003-04-02 17:56:58'),(4,4,4,'2005-07-29 19:40:59','2000-08-26 15:05:34','1982-03-02 23:07:28','1988-04-07 21:52:46'),(5,5,1,'2005-05-19 02:37:50','1976-08-22 14:00:59','2003-11-30 04:53:12','1981-09-06 20:46:37'),(6,6,2,'1996-02-29 22:29:23','1994-08-12 15:46:17','1978-03-12 15:56:49','2001-09-04 02:19:13'),(7,7,3,'2012-09-09 14:08:14','1972-05-02 12:39:36','1998-06-08 00:53:30','1985-09-27 13:41:37'),(8,8,4,'1988-10-28 08:41:25','1994-05-01 18:32:42','1972-06-22 06:06:38','1990-07-05 19:46:08'),(9,9,1,'2018-04-30 00:46:36','1980-02-15 13:13:07','2015-06-17 12:48:48','1997-01-29 18:38:33'),(10,10,2,'1972-08-07 05:11:41','1975-09-04 04:41:24','1982-12-05 18:07:03','2002-10-28 20:25:07'),(11,11,3,'1980-03-09 14:54:19','1992-11-29 07:47:45','1995-04-26 22:44:14','1990-03-13 22:05:36'),(12,12,4,'1987-06-25 15:18:18','1983-11-04 12:44:21','1983-05-12 23:20:12','2013-04-22 20:55:14'),(13,13,1,'1999-12-10 20:06:52','2020-07-16 02:43:47','1995-03-02 01:11:37','1986-05-01 04:52:45'),(14,14,2,'2007-11-04 19:08:01','1976-11-25 20:57:25','2017-05-11 20:31:32','1972-06-07 16:02:42'),(15,15,3,'2018-04-30 03:00:05','2017-11-02 11:11:53','2019-03-19 22:58:12','1978-12-14 03:40:58'),(16,16,4,'1982-02-20 14:00:46','1976-07-20 17:24:11','1999-01-05 09:47:14','1998-01-20 20:05:50'),(17,17,1,'1970-08-15 22:06:22','1985-01-20 05:48:08','1986-12-28 17:01:26','2010-08-14 05:15:25'),(18,18,2,'2002-09-25 03:48:15','2008-06-03 05:15:13','1986-06-11 01:34:56','1993-06-27 09:39:37'),(19,19,3,'1999-04-03 05:57:06','1995-09-12 14:43:57','1989-10-21 17:41:34','1999-01-14 18:17:34'),(20,20,4,'2006-05-21 13:40:47','2001-01-12 13:56:49','1973-03-10 14:53:02','2018-04-28 00:33:54'),(21,21,1,'1984-12-30 16:39:06','1988-08-08 09:13:55','2020-07-06 22:43:07','1974-03-11 10:11:49'),(22,22,2,'1970-01-15 19:35:31','2010-03-17 21:39:32','2017-08-21 11:50:30','1990-12-18 04:52:44'),(23,23,3,'2019-04-17 14:11:26','1993-09-28 02:57:36','2002-11-13 01:15:30','2016-04-02 02:45:12'),(24,24,4,'2007-06-11 05:41:29','1972-12-25 23:23:58','2018-10-20 20:13:03','1970-12-31 16:33:16'),(25,25,1,'2008-10-16 09:26:43','1997-12-13 02:18:57','1976-05-24 02:19:01','1998-03-19 22:17:05'),(26,26,2,'1980-12-30 04:48:36','1987-06-13 04:25:06','1980-10-15 14:42:25','2012-01-04 18:53:28'),(27,27,3,'2001-03-12 15:05:25','2008-10-30 18:27:56','1980-06-17 16:18:37','1998-06-28 14:08:39'),(28,28,4,'2007-12-20 17:00:31','1990-07-28 19:07:53','2000-10-08 02:54:50','1994-04-19 18:09:26'),(29,29,1,'1991-03-05 21:24:30','1971-05-28 05:26:47','2003-06-30 16:33:03','1983-06-07 07:28:48'),(30,30,2,'2005-06-17 20:37:40','1977-08-08 12:56:36','2002-07-25 06:15:16','1986-02-03 06:47:22'),(31,31,3,'1972-03-22 05:48:19','2004-06-30 19:14:15','1991-06-09 02:51:22','2013-09-23 04:02:17'),(32,32,4,'1989-04-01 23:20:16','1993-11-22 06:10:56','1983-03-07 00:31:24','1990-09-21 06:25:04'),(33,33,1,'2014-09-28 11:48:17','1991-09-11 12:17:03','2020-01-01 05:26:38','2000-02-10 10:29:00'),(34,34,2,'1982-09-30 23:25:49','2000-12-23 00:06:58','1976-08-15 22:50:53','1995-02-28 03:43:41'),(35,35,3,'2015-05-03 16:40:38','2020-03-14 16:35:17','2003-06-24 11:24:30','1999-02-27 01:40:33'),(36,36,4,'2000-05-03 05:14:07','1990-04-27 01:21:15','2018-09-01 21:54:05','2011-12-23 12:19:27'),(37,37,1,'1974-07-20 19:27:30','1984-07-02 08:54:54','1976-04-22 22:43:56','1976-10-25 00:16:44'),(38,38,2,'1983-04-30 13:42:51','2009-03-11 16:53:44','2009-10-20 10:06:55','2013-02-06 15:22:02'),(39,39,3,'1997-05-14 23:34:53','1983-05-24 12:02:23','1972-01-23 11:54:02','1984-04-01 04:48:39'),(40,40,4,'1978-01-26 09:51:47','2000-02-18 13:52:20','2011-10-12 14:15:40','1993-03-23 12:13:34'),(41,41,1,'1990-07-17 13:03:55','1998-08-12 23:40:11','2011-01-22 21:58:11','2012-06-21 20:38:03'),(42,42,2,'2020-03-10 19:51:37','1995-01-29 19:15:17','1988-01-17 13:11:24','1992-04-14 15:00:56'),(43,43,3,'1997-12-08 09:47:46','1985-01-25 21:32:50','1995-10-27 07:27:58','1975-06-15 14:47:42'),(44,44,4,'1978-03-04 21:18:40','1976-11-14 06:00:59','1992-12-16 06:49:41','1991-05-04 18:52:20'),(45,45,1,'1985-09-07 06:20:37','2013-04-03 01:17:35','2020-03-03 05:44:15','1998-03-23 11:42:01'),(46,46,2,'1996-11-02 21:19:19','1970-07-15 10:41:02','2002-10-25 23:03:28','1975-04-23 11:45:49'),(47,47,3,'1974-02-17 01:51:34','1999-05-31 00:24:24','2016-11-23 18:07:52','1982-12-24 05:34:28'),(48,48,4,'2004-10-23 23:43:59','2019-03-17 02:41:42','1976-11-27 05:40:19','2005-01-11 00:26:09'),(49,49,1,'1999-10-16 03:47:17','2002-01-14 13:01:00','1970-11-30 01:36:58','1994-03-06 18:16:48'),(50,50,2,'1985-06-08 12:58:57','1977-10-30 18:07:27','1997-03-17 11:58:00','1998-08-27 12:17:29'),(51,51,3,'1982-07-21 03:07:32','1987-10-03 21:34:06','1976-04-11 08:36:18','1983-07-06 18:59:18'),(52,52,4,'1970-06-06 00:40:18','2013-01-03 17:40:44','2015-08-24 18:50:39','2009-09-15 10:47:09'),(53,53,1,'2003-07-28 04:23:26','2002-12-26 23:00:10','1997-02-27 19:15:50','1998-01-05 00:30:27'),(54,54,2,'1987-04-23 16:30:27','1978-05-24 15:40:22','2002-01-12 01:26:13','1977-01-26 08:05:58'),(55,55,3,'2000-09-09 01:02:09','2010-06-30 02:49:41','1978-01-22 06:41:32','1977-12-19 15:02:29'),(56,56,4,'1970-03-06 16:04:51','1976-05-27 11:24:32','1994-01-25 14:59:57','1991-03-01 12:30:37'),(57,57,1,'1987-07-05 08:45:50','1971-12-05 13:33:31','2016-09-28 02:24:42','1986-07-19 16:03:04'),(58,58,2,'2001-02-09 16:34:09','2006-09-03 16:51:59','1998-12-02 03:53:16','2018-06-21 05:09:29'),(59,59,3,'1985-03-15 23:42:50','2012-12-15 03:43:57','1990-10-13 00:12:55','1979-01-19 08:21:24'),(60,60,4,'2004-06-17 23:49:44','2015-02-28 09:15:22','2008-11-23 19:09:17','1984-10-05 22:30:55'),(61,61,1,'2001-06-27 07:19:54','1986-10-09 23:30:52','1976-09-13 01:39:06','1975-05-26 07:45:36'),(62,62,2,'1984-02-16 17:09:46','2016-07-25 09:57:42','1979-05-31 05:43:54','2015-06-10 02:20:11'),(63,63,3,'1977-07-26 03:48:41','2016-08-30 03:04:28','2007-09-24 12:11:55','1981-06-08 01:27:51'),(64,64,4,'2000-07-07 22:43:25','1991-05-26 02:46:01','2019-09-09 02:17:20','1977-12-05 23:47:25'),(65,65,1,'1997-12-22 19:53:02','1977-09-14 09:45:29','1970-04-12 10:07:19','2019-03-09 12:52:21'),(66,66,2,'1993-09-29 19:09:36','2003-04-20 16:34:48','1970-12-28 16:00:32','2010-09-10 06:35:26'),(67,67,3,'1975-05-01 14:29:17','1985-02-13 04:43:01','1992-10-15 23:51:29','1984-11-30 14:52:25'),(68,68,4,'2008-08-14 10:12:19','2011-03-11 00:04:43','2003-03-28 04:14:44','2000-12-18 16:34:22'),(69,69,1,'2014-10-11 04:24:00','2007-01-22 12:42:11','1984-05-21 11:00:33','2019-11-22 00:18:10'),(70,70,2,'1990-04-27 04:13:20','1981-01-25 12:28:52','2020-07-19 08:28:03','1979-06-04 02:19:26'),(71,71,3,'2009-08-27 22:59:41','1978-03-26 07:22:16','1971-07-02 12:55:39','1976-08-22 02:35:57'),(72,72,4,'1998-10-04 08:28:35','1997-05-07 23:09:24','2013-09-12 16:44:50','2017-06-30 08:29:18'),(73,73,1,'1991-06-13 22:43:54','1980-08-20 06:25:23','1974-12-30 21:03:23','1977-02-18 20:13:46'),(74,74,2,'2016-12-02 04:30:29','2020-06-06 14:40:29','1982-08-08 08:44:11','1975-01-17 18:57:43'),(75,75,3,'1996-12-11 23:31:13','1986-01-10 03:30:18','1986-12-09 07:26:00','1979-01-06 11:12:00'),(76,76,4,'1992-10-17 08:33:58','1997-06-21 18:54:18','1976-08-10 02:33:39','1972-11-29 17:19:46'),(77,77,1,'1986-11-27 22:42:43','2018-10-12 03:03:58','1971-08-29 15:55:18','2017-06-08 03:39:58'),(78,78,2,'2001-10-11 08:01:06','2009-05-02 07:27:18','1973-06-03 03:16:50','2006-05-22 06:11:35'),(79,79,3,'1970-03-30 13:06:28','1986-12-22 04:06:52','2014-05-27 08:24:03','1986-09-08 10:00:08'),(80,80,4,'1990-01-02 21:47:08','2020-04-07 22:13:34','1976-05-21 11:55:55','1987-11-27 18:19:31'),(81,81,1,'1973-09-25 05:18:07','2012-06-06 17:21:21','1982-08-03 17:25:15','2014-03-20 03:58:14'),(82,82,2,'2017-12-23 07:07:32','1981-03-21 09:56:43','1985-04-21 22:43:41','2017-12-16 18:40:54'),(83,83,3,'2003-10-15 00:23:01','2018-09-21 21:34:50','1977-11-11 13:42:12','2009-02-27 19:52:48'),(84,84,4,'1978-02-20 14:45:34','1990-01-06 21:34:52','2004-05-16 22:57:23','1974-10-20 12:13:17'),(85,85,1,'1975-08-07 07:34:41','2015-11-22 14:59:04','1975-11-08 06:02:23','2003-05-05 09:31:44'),(86,86,2,'1987-08-12 08:28:57','1987-01-10 09:04:52','2018-12-10 04:18:53','2017-01-13 02:29:13'),(87,87,3,'1992-01-30 16:52:35','1976-05-17 19:46:52','1985-07-31 21:03:34','2009-09-22 06:40:26'),(88,88,4,'1978-11-02 12:59:32','1980-04-16 12:04:26','1995-05-16 19:56:18','2014-09-21 11:47:17'),(89,89,1,'2005-06-18 11:32:59','2010-11-25 00:29:25','1999-01-14 01:15:02','2018-04-17 14:06:27'),(90,90,2,'1981-08-01 17:54:07','1992-02-16 16:44:20','2016-12-03 16:08:05','1989-10-26 11:56:36'),(91,91,3,'1971-01-08 01:15:35','1973-03-10 13:38:07','2018-07-05 01:43:59','1980-04-07 19:37:42'),(92,92,4,'1985-09-17 03:34:43','1972-05-28 14:12:09','1977-08-05 00:14:37','2006-03-14 05:31:41'),(93,93,1,'1991-06-09 07:38:19','2020-06-21 18:06:25','1975-05-07 07:53:08','2000-10-28 19:37:43'),(94,94,2,'1973-06-01 04:34:11','1985-03-30 06:39:16','2003-07-02 08:42:19','1972-04-16 03:22:19'),(95,95,3,'2004-02-14 18:15:35','1994-02-09 21:21:52','2002-03-27 12:47:40','2020-07-18 18:47:02'),(96,96,4,'1999-10-12 10:39:04','2015-11-18 11:35:51','1987-04-23 19:33:34','1985-05-17 00:09:18'),(97,97,1,'2002-05-07 08:03:55','1985-08-14 02:42:13','2005-01-17 07:21:21','1996-04-01 21:11:07'),(98,98,2,'1970-10-29 23:25:24','1989-04-18 16:12:25','1996-03-20 19:43:41','1984-06-19 06:02:10'),(99,99,3,'1971-06-11 00:56:59','1981-12-10 01:46:18','1980-08-22 06:23:09','2006-08-20 05:06:18'),(100,100,4,'1988-06-10 20:35:39','1978-09-20 18:06:40','2014-11-03 05:57:29','2003-03-16 01:09:01');
/*!40000 ALTER TABLE `friendship` ENABLE KEYS */;
UNLOCK TABLES;

--
-- Table structure for table `friendship_statuses`
--

DROP TABLE IF EXISTS `friendship_statuses`;
/*!40101 SET @saved_cs_client     = @@character_set_client */;
/*!50503 SET character_set_client = utf8mb4 */;
CREATE TABLE `friendship_statuses` (
  `id` int unsigned NOT NULL AUTO_INCREMENT COMMENT 'Идентификатор строки',
  `name` varchar(150) NOT NULL COMMENT 'Название статуса',
  `created_at` datetime DEFAULT CURRENT_TIMESTAMP COMMENT 'Время создания строки',
  `updated_at` datetime DEFAULT CURRENT_TIMESTAMP ON UPDATE CURRENT_TIMESTAMP COMMENT 'Время обновления строки',
  PRIMARY KEY (`id`),
  UNIQUE KEY `name` (`name`)
) ENGINE=InnoDB AUTO_INCREMENT=5 DEFAULT CHARSET=utf8mb4 COLLATE=utf8mb4_0900_ai_ci COMMENT='Статусы дружбы';
/*!40101 SET character_set_client = @saved_cs_client */;

--
-- Dumping data for table `friendship_statuses`
--

LOCK TABLES `friendship_statuses` WRITE;
/*!40000 ALTER TABLE `friendship_statuses` DISABLE KEYS */;
INSERT INTO `friendship_statuses` VALUES (1,'friend','2021-04-02 20:02:37','2021-04-02 20:02:37'),(2,'sister','2021-04-02 20:02:37','2021-04-02 20:02:37'),(3,'brother','2021-04-02 20:02:37','2021-04-02 20:02:37'),(4,'married','2021-04-02 20:02:37','2021-04-02 20:02:37');
/*!40000 ALTER TABLE `friendship_statuses` ENABLE KEYS */;
UNLOCK TABLES;

--
-- Table structure for table `media`
--

DROP TABLE IF EXISTS `media`;
/*!40101 SET @saved_cs_client     = @@character_set_client */;
/*!50503 SET character_set_client = utf8mb4 */;
CREATE TABLE `media` (
  `id` int unsigned NOT NULL AUTO_INCREMENT COMMENT 'Идентификатор строки',
  `user_id` int unsigned NOT NULL COMMENT 'Ссылка на пользователя, который загрузил файл',
  `filename` varchar(255) NOT NULL COMMENT 'Путь к файлу',
  `size` int NOT NULL COMMENT 'Размер файла',
  `metadata` json DEFAULT NULL COMMENT 'Метаданные файла',
  `media_type_id` int unsigned NOT NULL COMMENT 'Ссылка на тип контента',
  `created_at` datetime DEFAULT CURRENT_TIMESTAMP COMMENT 'Время создания строки',
  `updated_at` datetime DEFAULT CURRENT_TIMESTAMP ON UPDATE CURRENT_TIMESTAMP COMMENT 'Время обновления строки',
  PRIMARY KEY (`id`)
) ENGINE=InnoDB AUTO_INCREMENT=101 DEFAULT CHARSET=utf8mb4 COLLATE=utf8mb4_0900_ai_ci COMMENT='Медиафайлы';
/*!40101 SET character_set_client = @saved_cs_client */;

--
-- Dumping data for table `media`
--

LOCK TABLES `media` WRITE;
/*!40000 ALTER TABLE `media` DISABLE KEYS */;
INSERT INTO `media` VALUES (1,1,'dolor',86751,NULL,1,'1983-01-14 18:01:57','1997-04-06 06:02:44'),(2,2,'voluptas',686539,NULL,2,'1976-01-16 20:25:17','2007-06-09 17:16:38'),(3,3,'labore',0,NULL,3,'1987-01-06 12:09:53','1987-10-04 19:46:14'),(4,4,'iure',166906170,NULL,1,'2015-11-01 08:15:26','2010-08-24 02:32:42'),(5,5,'voluptatem',0,NULL,2,'1980-06-11 12:36:50','1970-04-13 19:48:06'),(6,6,'omnis',810320107,NULL,3,'2017-07-29 18:51:21','1970-06-19 22:43:52'),(7,7,'aliquid',81635,NULL,1,'1983-08-27 18:57:56','1998-07-25 09:02:17'),(8,8,'repudiandae',36804873,NULL,2,'1971-12-23 00:19:36','2014-12-31 03:52:46'),(9,9,'ut',223254106,NULL,3,'1984-07-31 12:49:44','1997-11-07 20:52:54'),(10,10,'sed',8768,NULL,1,'2005-02-13 09:44:54','2007-04-23 11:29:43'),(11,11,'vero',34,NULL,2,'1983-04-02 23:04:19','1994-12-19 00:39:29'),(12,12,'eum',4347,NULL,3,'2000-08-28 01:31:14','1987-09-25 16:46:27'),(13,13,'placeat',49,NULL,1,'1983-09-14 11:04:47','2013-01-13 04:47:29'),(14,14,'dolorem',183032,NULL,2,'1981-10-31 11:20:13','2008-08-17 04:33:47'),(15,15,'facilis',55,NULL,3,'2019-08-04 22:35:27','2008-11-16 18:27:50'),(16,16,'quia',4,NULL,1,'2000-01-31 09:54:31','1977-04-24 06:59:06'),(17,17,'quibusdam',7439153,NULL,2,'2009-04-13 04:36:52','1972-09-18 15:10:35'),(18,18,'rerum',73,NULL,3,'1973-01-06 04:03:21','2010-02-10 05:25:43'),(19,19,'asperiores',2670645,NULL,1,'1981-05-02 13:26:12','2010-10-14 05:19:44'),(20,20,'ut',943,NULL,2,'1994-12-12 20:29:12','2014-09-05 16:59:32'),(21,21,'omnis',0,NULL,3,'2002-01-01 04:22:52','1984-04-07 18:46:23'),(22,22,'consequuntur',319,NULL,1,'2014-08-05 03:24:35','2017-05-03 10:40:50'),(23,23,'quis',7,NULL,2,'1998-01-02 07:46:54','1974-04-25 14:51:34'),(24,24,'accusantium',5414732,NULL,3,'2003-07-08 13:46:17','2009-06-17 08:20:21'),(25,25,'et',0,NULL,1,'1996-09-28 04:18:57','1990-06-12 08:40:11'),(26,26,'rerum',76394,NULL,2,'1994-01-27 02:35:10','1999-11-03 11:59:36'),(27,27,'optio',832840,NULL,3,'2015-12-17 04:29:31','2008-11-11 05:29:52'),(28,28,'saepe',20222352,NULL,1,'2003-05-19 14:01:38','2004-09-22 18:29:30'),(29,29,'veritatis',698131,NULL,2,'1980-04-30 04:21:29','2020-05-08 06:47:25'),(30,30,'non',59315,NULL,3,'2020-12-19 16:27:53','2001-10-27 08:34:12'),(31,31,'consectetur',26558,NULL,1,'2011-06-03 16:15:34','2009-12-31 04:34:49'),(32,32,'itaque',74050150,NULL,2,'2007-07-30 22:36:06','1973-03-11 12:35:05'),(33,33,'velit',6,NULL,3,'2014-12-08 02:06:35','2021-03-18 01:23:47'),(34,34,'molestiae',976,NULL,1,'1992-06-03 21:59:58','1983-03-21 16:55:14'),(35,35,'iste',18,NULL,2,'2002-10-09 07:28:13','2016-11-02 16:26:09'),(36,36,'eos',9250,NULL,3,'2002-11-13 21:12:08','1994-09-09 21:47:12'),(37,37,'error',278,NULL,1,'1998-08-11 13:46:02','1985-01-04 17:39:49'),(38,38,'eos',62,NULL,2,'2020-09-03 06:02:08','1973-05-14 23:05:59'),(39,39,'veritatis',6009,NULL,3,'2001-04-11 22:35:58','2020-05-05 07:34:09'),(40,40,'fuga',26,NULL,1,'1972-01-13 20:57:39','2012-11-23 07:59:26'),(41,41,'fuga',0,NULL,2,'2019-08-28 13:32:45','2003-03-27 11:03:18'),(42,42,'atque',19,NULL,3,'1996-10-04 03:57:45','2010-11-04 15:48:47'),(43,43,'et',207555,NULL,1,'1971-04-02 10:05:52','1978-04-26 21:36:42'),(44,44,'suscipit',417053862,NULL,2,'2012-02-05 00:38:08','2007-02-10 10:40:37'),(45,45,'ullam',8069753,NULL,3,'1984-01-03 10:15:09','2009-09-17 01:57:25'),(46,46,'modi',0,NULL,1,'2020-04-17 18:41:57','1986-10-17 10:13:52'),(47,47,'facilis',967488,NULL,2,'1987-09-20 23:35:01','1988-02-21 01:23:45'),(48,48,'vel',75,NULL,3,'2016-03-06 18:05:10','1980-07-01 04:29:10'),(49,49,'ut',0,NULL,1,'2014-02-26 23:30:01','2008-02-05 19:10:42'),(50,50,'incidunt',6,NULL,2,'1985-07-16 05:15:50','1989-06-07 04:23:19'),(51,51,'ea',0,NULL,3,'1989-08-10 14:06:51','1988-03-10 08:57:57'),(52,52,'consequatur',3676,NULL,1,'1979-03-12 17:28:05','1991-03-08 08:34:11'),(53,53,'sequi',84926,NULL,2,'1998-12-01 02:17:00','1985-01-20 23:08:31'),(54,54,'ipsum',9660849,NULL,3,'1985-04-02 08:44:32','1991-03-04 20:00:15'),(55,55,'excepturi',9,NULL,1,'1986-07-27 03:32:36','2003-04-28 02:06:16'),(56,56,'veniam',1856,NULL,2,'2012-08-30 22:06:18','1974-05-30 21:36:36'),(57,57,'reprehenderit',0,NULL,3,'1995-03-09 23:57:43','1972-02-26 17:37:29'),(58,58,'fuga',2,NULL,1,'2014-06-05 02:13:45','2006-07-28 05:29:00'),(59,59,'enim',0,NULL,2,'2015-02-18 01:38:11','2007-02-11 01:10:03'),(60,60,'ducimus',628,NULL,3,'1997-07-21 19:55:42','1984-04-26 09:40:34'),(61,61,'voluptas',0,NULL,1,'1987-12-14 06:56:42','1972-06-29 16:20:48'),(62,62,'nobis',33699434,NULL,2,'1974-07-27 23:50:55','1983-07-17 10:23:16'),(63,63,'quidem',8177,NULL,3,'2017-07-26 06:59:55','2003-02-05 18:50:10'),(64,64,'recusandae',0,NULL,1,'1970-07-11 03:04:15','1977-11-23 13:34:58'),(65,65,'sed',0,NULL,2,'2002-10-23 15:22:05','2001-03-13 00:27:16'),(66,66,'quae',40511305,NULL,3,'1973-04-20 09:14:15','2009-11-10 09:13:15'),(67,67,'veritatis',560502,NULL,1,'1991-03-20 04:03:59','2008-12-20 10:00:40'),(68,68,'sint',564552220,NULL,2,'1971-12-31 13:56:02','2015-03-16 08:30:24'),(69,69,'tenetur',18690,NULL,3,'2016-02-21 15:35:09','1976-07-13 12:46:20'),(70,70,'cum',0,NULL,1,'2001-09-26 00:50:16','1999-07-28 16:55:05'),(71,71,'quaerat',525026,NULL,2,'1979-03-06 06:20:16','2017-09-04 06:46:07'),(72,72,'sint',1745,NULL,3,'2012-11-02 14:58:59','1972-01-10 08:05:24'),(73,73,'aut',675,NULL,1,'2015-07-03 07:43:42','2007-05-08 12:39:47'),(74,74,'asperiores',95509755,NULL,2,'1998-03-23 12:18:00','2009-05-30 20:06:50'),(75,75,'nemo',31608,NULL,3,'1982-03-26 13:20:07','1979-05-31 22:07:54'),(76,76,'et',9,NULL,1,'2013-11-24 05:23:56','1977-08-10 18:30:32'),(77,77,'nulla',53,NULL,2,'1984-11-16 20:12:17','2016-02-10 22:09:00'),(78,78,'et',92584402,NULL,3,'2019-02-04 08:08:46','1981-06-19 03:31:59'),(79,79,'beatae',3077281,NULL,1,'2003-01-26 21:55:28','1992-10-16 10:29:02'),(80,80,'fugit',587,NULL,2,'1985-09-21 22:23:49','2015-11-25 21:36:47'),(81,81,'eos',43396839,NULL,3,'2015-02-19 02:34:37','2008-03-25 10:59:14'),(82,82,'iusto',83216958,NULL,1,'1971-11-22 14:44:05','1970-11-12 17:53:20'),(83,83,'aspernatur',24002280,NULL,2,'1999-10-14 21:09:15','1992-08-07 23:08:43'),(84,84,'aliquid',9893,NULL,3,'1980-12-05 04:50:18','1998-09-28 13:59:03'),(85,85,'doloribus',1,NULL,1,'2018-05-22 10:08:49','1985-12-14 18:09:30'),(86,86,'et',439930,NULL,2,'1978-12-22 02:05:15','2021-02-22 16:44:50'),(87,87,'dolore',954003219,NULL,3,'2010-05-06 05:34:20','2015-02-27 04:25:19'),(88,88,'dolorem',586616050,NULL,1,'2001-03-21 02:23:11','1982-04-11 12:30:06'),(89,89,'qui',98231312,NULL,2,'2018-12-27 16:24:10','1978-09-23 07:12:00'),(90,90,'nisi',10929126,NULL,3,'1973-03-16 05:36:43','2017-08-12 00:31:36'),(91,91,'rerum',4,NULL,1,'1977-05-30 03:31:48','1994-11-03 12:54:02'),(92,92,'laboriosam',22860814,NULL,2,'2009-12-12 09:40:46','1999-11-17 20:46:02'),(93,93,'est',86,NULL,3,'1977-01-18 03:47:54','1982-05-30 16:51:37'),(94,94,'est',3,NULL,1,'1970-01-12 19:42:41','1977-01-14 00:47:04'),(95,95,'saepe',6688,NULL,2,'2021-03-22 12:00:40','1989-10-07 09:56:42'),(96,96,'et',44479,NULL,3,'1993-10-02 14:34:49','1995-11-21 10:53:04'),(97,97,'ut',962581,NULL,1,'2009-02-20 13:08:46','1976-12-06 13:54:49'),(98,98,'nisi',4,NULL,2,'1994-07-10 07:22:16','1970-05-13 01:48:24'),(99,99,'aut',34,NULL,3,'2003-09-08 23:21:44','1987-09-03 04:32:18'),(100,100,'blanditiis',636747,NULL,1,'1994-09-12 11:02:56','1994-06-20 00:44:56');
/*!40000 ALTER TABLE `media` ENABLE KEYS */;
UNLOCK TABLES;

--
-- Table structure for table `media_likes`
--

DROP TABLE IF EXISTS `media_likes`;
/*!40101 SET @saved_cs_client     = @@character_set_client */;
/*!50503 SET character_set_client = utf8mb4 */;
CREATE TABLE `media_likes` (
  `media_id` int unsigned NOT NULL COMMENT 'Ссылка на медиа',
  `user_id` int unsigned NOT NULL COMMENT 'Ссылка на пользователя, который поставил лайк',
  `created_at` datetime DEFAULT CURRENT_TIMESTAMP COMMENT 'Время создания строки'
) ENGINE=InnoDB DEFAULT CHARSET=utf8mb4 COLLATE=utf8mb4_0900_ai_ci COMMENT='Лайки на медиафайлы';
/*!40101 SET character_set_client = @saved_cs_client */;

--
-- Dumping data for table `media_likes`
--

LOCK TABLES `media_likes` WRITE;
/*!40000 ALTER TABLE `media_likes` DISABLE KEYS */;
INSERT INTO `media_likes` VALUES (1,1,'2021-04-02 22:49:42'),(1,2,'2021-04-02 22:49:42'),(2,3,'2021-04-02 22:49:42'),(4,2,'2021-04-02 22:49:42'),(4,1,'2021-04-02 22:49:42'),(5,2,'2021-04-02 22:49:42'),(6,1,'2021-04-02 22:49:42'),(7,3,'2021-04-02 22:49:42'),(2,4,'2021-04-02 22:49:42'),(8,2,'2021-04-02 22:49:42'),(8,1,'2021-04-02 22:49:42'),(9,2,'2021-04-02 22:49:42'),(10,11,'2021-04-02 22:49:42'),(1,12,'2021-04-02 22:49:42'),(2,13,'2021-04-02 22:49:42'),(4,12,'2021-04-02 22:49:42'),(4,15,'2021-04-02 22:49:42'),(5,21,'2021-04-02 22:49:42'),(6,65,'2021-04-02 22:49:42'),(7,33,'2021-04-02 22:49:42'),(2,40,'2021-04-02 22:49:42'),(8,28,'2021-04-02 22:49:42'),(8,18,'2021-04-02 22:49:42'),(9,29,'2021-04-02 22:49:42'),(51,1,'2021-04-02 22:50:24'),(23,2,'2021-04-02 22:50:24'),(42,3,'2021-04-02 22:50:24'),(45,2,'2021-04-02 22:50:25'),(46,1,'2021-04-02 22:50:25'),(56,2,'2021-04-02 22:50:25'),(67,1,'2021-04-02 22:50:25'),(77,3,'2021-04-02 22:50:25'),(27,4,'2021-04-02 22:50:25'),(88,2,'2021-04-02 22:50:25'),(89,1,'2021-04-02 22:50:25'),(91,2,'2021-04-02 22:50:25'),(53,15,'2021-04-02 22:51:10'),(23,25,'2021-04-02 22:51:10'),(42,35,'2021-04-02 22:51:10'),(45,25,'2021-04-02 22:51:10'),(46,16,'2021-04-02 22:51:10'),(56,26,'2021-04-02 22:51:10'),(67,16,'2021-04-02 22:51:10'),(77,37,'2021-04-02 22:51:10'),(27,47,'2021-04-02 22:51:10'),(88,27,'2021-04-02 22:51:10'),(89,18,'2021-04-02 22:51:10'),(91,28,'2021-04-02 22:51:10'),(90,11,'2021-04-02 22:51:34'),(91,12,'2021-04-02 22:51:34'),(92,13,'2021-04-02 22:51:34'),(94,12,'2021-04-02 22:51:34'),(94,15,'2021-04-02 22:51:34'),(95,21,'2021-04-02 22:51:34'),(96,65,'2021-04-02 22:51:34'),(97,33,'2021-04-02 22:51:34'),(92,40,'2021-04-02 22:51:34'),(98,28,'2021-04-02 22:51:34'),(98,18,'2021-04-02 22:51:34'),(99,29,'2021-04-02 22:51:34'),(63,15,'2021-04-02 22:52:33'),(43,25,'2021-04-02 22:52:33'),(82,35,'2021-04-02 22:52:33'),(85,25,'2021-04-02 22:52:33'),(86,16,'2021-04-02 22:52:33'),(86,26,'2021-04-02 22:52:33'),(87,16,'2021-04-02 22:52:33'),(87,37,'2021-04-02 22:52:33'),(87,47,'2021-04-02 22:52:33'),(38,27,'2021-04-02 22:52:33'),(39,18,'2021-04-02 22:52:33'),(31,28,'2021-04-02 22:52:33'),(90,91,'2021-04-02 22:53:01'),(91,92,'2021-04-02 22:53:01'),(92,93,'2021-04-02 22:53:01'),(94,92,'2021-04-02 22:53:01'),(94,95,'2021-04-02 22:53:01'),(95,51,'2021-04-02 22:53:01'),(96,55,'2021-04-02 22:53:01'),(97,53,'2021-04-02 22:53:01'),(92,50,'2021-04-02 22:53:01'),(98,68,'2021-04-02 22:53:01'),(98,78,'2021-04-02 22:53:01'),(99,79,'2021-04-02 22:53:01'),(63,14,'2021-04-02 22:53:34'),(43,24,'2021-04-02 22:53:34'),(82,34,'2021-04-02 22:53:34'),(85,23,'2021-04-02 22:53:34'),(86,13,'2021-04-02 22:53:34'),(86,23,'2021-04-02 22:53:34'),(87,19,'2021-04-02 22:53:34'),(87,39,'2021-04-02 22:53:34'),(87,49,'2021-04-02 22:53:34'),(38,29,'2021-04-02 22:53:34'),(39,19,'2021-04-02 22:53:34'),(31,29,'2021-04-02 22:53:34'),(60,14,'2021-04-02 22:53:54'),(40,24,'2021-04-02 22:53:54'),(80,34,'2021-04-02 22:53:54'),(80,23,'2021-04-02 22:53:54');
/*!40000 ALTER TABLE `media_likes` ENABLE KEYS */;
UNLOCK TABLES;

--
-- Table structure for table `media_types`
--

DROP TABLE IF EXISTS `media_types`;
/*!40101 SET @saved_cs_client     = @@character_set_client */;
/*!50503 SET character_set_client = utf8mb4 */;
CREATE TABLE `media_types` (
  `id` int unsigned NOT NULL AUTO_INCREMENT COMMENT 'Идентификатор строки',
  `name` varchar(255) NOT NULL COMMENT 'Название типа',
  `created_at` datetime DEFAULT CURRENT_TIMESTAMP COMMENT 'Время создания строки',
  `updated_at` datetime DEFAULT CURRENT_TIMESTAMP ON UPDATE CURRENT_TIMESTAMP COMMENT 'Время обновления строки',
  PRIMARY KEY (`id`),
  UNIQUE KEY `name` (`name`)
) ENGINE=InnoDB AUTO_INCREMENT=4 DEFAULT CHARSET=utf8mb4 COLLATE=utf8mb4_0900_ai_ci COMMENT='Типы медиафайлов';
/*!40101 SET character_set_client = @saved_cs_client */;

--
-- Dumping data for table `media_types`
--

LOCK TABLES `media_types` WRITE;
/*!40000 ALTER TABLE `media_types` DISABLE KEYS */;
INSERT INTO `media_types` VALUES (1,'photo','2021-04-02 19:58:17','2021-04-02 19:58:17'),(2,'video','2021-04-02 19:58:52','2021-04-02 19:58:52'),(3,'music','2021-04-02 22:42:31','2021-04-02 22:42:31');
/*!40000 ALTER TABLE `media_types` ENABLE KEYS */;
UNLOCK TABLES;

--
-- Table structure for table `messages`
--

DROP TABLE IF EXISTS `messages`;
/*!40101 SET @saved_cs_client     = @@character_set_client */;
/*!50503 SET character_set_client = utf8mb4 */;
CREATE TABLE `messages` (
  `id` int unsigned NOT NULL AUTO_INCREMENT COMMENT 'Идентификатор строки',
  `from_user_id` int unsigned NOT NULL COMMENT 'Ссылка на отправителя сообщения',
  `to_user_id` int unsigned NOT NULL COMMENT 'Ссылка на получателя сообщения',
  `body` text NOT NULL COMMENT 'Текст сообщения',
  `is_important` tinyint(1) DEFAULT NULL COMMENT 'Признак важности',
  `is_delivered` tinyint(1) DEFAULT NULL COMMENT 'Признак доставки',
  `created_at` datetime DEFAULT CURRENT_TIMESTAMP COMMENT 'Время создания строки',
  PRIMARY KEY (`id`)
) ENGINE=InnoDB AUTO_INCREMENT=101 DEFAULT CHARSET=utf8mb4 COLLATE=utf8mb4_0900_ai_ci COMMENT='Сообщения';
/*!40101 SET character_set_client = @saved_cs_client */;

--
-- Dumping data for table `messages`
--

LOCK TABLES `messages` WRITE;
/*!40000 ALTER TABLE `messages` DISABLE KEYS */;
INSERT INTO `messages` VALUES (1,1,1,'Magnam aut natus perferendis quaerat. Corrupti ullam temporibus deserunt sint. Qui necessitatibus id quaerat cum ipsam molestiae quos veniam. Voluptatem aperiam delectus inventore sit rem est provident.',0,1,'1996-10-30 18:40:12'),(2,2,2,'Inventore porro saepe qui et delectus atque. At repudiandae necessitatibus quas neque saepe ad. Ipsa aut esse ut reiciendis quia qui est ullam. Repellendus et non porro quae aliquam nobis.',1,1,'2009-01-01 15:02:00'),(3,3,3,'Autem laborum occaecati maiores beatae quia veritatis rerum. Voluptatem illo in aut delectus. Enim dolorum labore qui consequatur id.',0,1,'1982-12-16 15:20:15'),(4,4,4,'Optio omnis et expedita aut rem id. Est aliquid provident cumque corporis. Vitae at non excepturi minus exercitationem dicta.',0,1,'1974-12-18 02:07:15'),(5,5,5,'Quo voluptatum assumenda doloremque. Qui corporis illo recusandae qui ut.',1,0,'2018-03-06 10:47:47'),(6,6,6,'Ad adipisci autem velit maxime nesciunt ratione. Id mollitia dolores recusandae non provident. Error recusandae saepe quaerat et.',1,0,'1977-01-30 23:39:01'),(7,7,7,'Consequatur ut voluptatem maxime qui sit velit. Sint pariatur recusandae tenetur suscipit soluta nam id quasi.',0,0,'2004-08-27 11:47:33'),(8,8,8,'Inventore est doloremque nesciunt. Aut iusto voluptatem rerum beatae alias repellat aut. Perspiciatis qui maiores non temporibus dolor cum.',0,1,'2013-07-09 10:11:33'),(9,9,9,'Qui nulla sit vel consectetur. Qui ullam dicta sapiente rerum quia a aut. Quo voluptatem nulla consequatur quasi necessitatibus.',0,0,'2001-06-20 23:05:40'),(10,10,10,'Ut laborum commodi aut rerum. Sapiente veritatis est ut qui. Nobis quia dolore corrupti magni omnis. Et ex id esse possimus.',1,1,'2019-01-02 01:53:27'),(11,11,11,'Rerum quia quo esse facere. Maxime quidem eius asperiores qui quia et. Placeat cumque eum laboriosam qui.',0,0,'1994-12-16 21:41:01'),(12,12,12,'Reiciendis error omnis consequatur id. Dolor inventore earum quibusdam et molestiae cum. Eos ratione ut et molestiae accusantium numquam voluptate. Doloremque explicabo vel enim impedit.',1,1,'2020-01-07 16:09:05'),(13,13,13,'Tenetur fugiat deleniti sit cum. Doloremque officia nobis ea sint similique fugit ut. Modi ut optio vel vel recusandae corrupti. Explicabo beatae repellendus possimus minima molestiae.',0,0,'2001-10-11 21:02:35'),(14,14,14,'Sit a dolorum rerum illo reprehenderit occaecati eaque. Voluptas libero assumenda eaque optio sequi consequatur non. Velit dolor ullam earum et qui amet doloribus labore.',0,0,'2000-10-14 14:30:16'),(15,15,15,'Laboriosam fugit nisi impedit. Omnis illo consectetur voluptatibus et necessitatibus temporibus adipisci reprehenderit. Laborum architecto velit impedit nobis illum occaecati.',1,0,'2011-10-27 14:23:03'),(16,16,16,'Eos necessitatibus ducimus ut quibusdam provident officiis. Molestiae rerum laboriosam praesentium cupiditate a repudiandae vel. Qui ex consequuntur esse quod.',0,1,'2019-01-27 09:54:57'),(17,17,17,'Sunt laudantium laudantium incidunt est earum. Placeat maxime molestias reprehenderit ut enim voluptas. Aut consequatur explicabo neque excepturi temporibus quis. Non vero perspiciatis labore. Reprehenderit corrupti cumque corrupti impedit repudiandae distinctio cupiditate qui.',1,0,'1989-08-31 12:28:38'),(18,18,18,'Repellat voluptatem consequatur molestiae sit sit voluptatibus saepe. Architecto ea ut eos corrupti saepe temporibus. Delectus sed odit est harum ipsam voluptas officiis. Earum voluptate id id sint temporibus cum soluta necessitatibus.',0,0,'1975-06-04 17:22:59'),(19,19,19,'Voluptatem voluptas non cum cupiditate consectetur iure qui. Alias quam magni et et dolorem. Facere culpa nesciunt aut tempora. Et aperiam neque doloremque laborum omnis quas.',1,1,'1982-09-10 17:26:27'),(20,20,20,'Sequi sint cupiditate et voluptatem tempora et distinctio. Repellat nesciunt doloribus rerum neque odit. Veritatis dicta recusandae esse at dolores architecto.',0,0,'2010-01-09 22:59:06'),(21,21,21,'Cumque quisquam facere animi alias illo. Ut quisquam labore veritatis dolor nihil. Quam animi rem magnam sunt sit aut et dignissimos. Neque repudiandae optio blanditiis et voluptatem dolores.',0,0,'2005-08-18 09:24:43'),(22,22,22,'Sunt non rerum sint fugiat officiis dolor. Fuga dolore et consequuntur dignissimos veritatis. Et velit autem omnis non aut sint. Est ipsum fuga et quia. Voluptatem minima libero nisi quos.',0,0,'1995-03-11 03:03:28'),(23,23,23,'Mollitia magni unde et quo qui architecto. Qui voluptatem quaerat aliquam temporibus impedit nihil nostrum incidunt. Doloribus sequi accusantium aspernatur sit nemo quae harum. Unde et commodi qui ut repudiandae ut.',1,0,'2007-11-15 17:11:15'),(24,24,24,'Mollitia vel ut vel nemo. Sit ratione officia mollitia iusto a earum eius earum. Atque voluptatum ea repudiandae laudantium repudiandae.',0,0,'2007-11-24 01:56:31'),(25,25,25,'Ut molestias recusandae autem sunt voluptatem totam. Unde qui delectus numquam tempora vitae non. Expedita est est dolorem tenetur quibusdam qui voluptatum.',1,1,'2017-04-03 19:16:08'),(26,26,26,'Et ex aliquid saepe facere. Natus ullam ad in qui architecto aut. Aut architecto quia veniam minus.',0,1,'1998-01-30 07:31:23'),(27,27,27,'Saepe corrupti dolorem quibusdam enim cum in. Qui fuga esse quasi est est. Officia beatae vel nihil numquam.',1,1,'1994-04-24 19:01:52'),(28,28,28,'Corrupti unde quo inventore eveniet iure non. Voluptate ut cupiditate adipisci est beatae commodi quis voluptatibus. Aut voluptatem nam neque et amet pariatur illo. Libero voluptatem explicabo reiciendis dolor natus occaecati.',0,1,'1996-09-21 13:17:47'),(29,29,29,'Eaque voluptate totam soluta et. Aut laboriosam blanditiis rerum ea rem quibusdam magni. Placeat velit quisquam repellendus id sint odit.',1,0,'2001-03-12 11:22:54'),(30,30,30,'Rerum labore odio earum harum tenetur. Repellendus quis distinctio fugit quia.',0,1,'2020-12-25 09:21:07'),(31,31,31,'Neque nihil repellat corrupti beatae autem explicabo aperiam. A porro aspernatur vel quia et excepturi. Sunt ut voluptas excepturi exercitationem.',0,0,'1972-08-19 11:10:51'),(32,32,32,'Nemo natus quisquam voluptas id quia eius quam. Illum alias modi error dolor odit eaque et. Repudiandae rerum ipsum placeat mollitia numquam. Natus voluptatem est voluptatem at voluptatem.',1,1,'2011-05-11 20:51:32'),(33,33,33,'Reiciendis velit in et quibusdam suscipit. Consectetur odit facere atque occaecati voluptate nostrum. Optio ullam id dignissimos.',1,0,'2016-06-14 11:17:28'),(34,34,34,'Voluptas sit reiciendis aut neque consequatur. Velit sunt dolorem eum voluptatem. Qui quae veritatis similique dolorem incidunt et.',1,1,'2004-06-04 04:15:37'),(35,35,35,'Provident sed dolores nemo non. Autem sed quo maiores quam ut. Odio rerum asperiores aut. Esse ad illo et saepe non. Explicabo nostrum occaecati tenetur facere quisquam nisi totam nemo.',1,1,'1997-08-24 23:16:29'),(36,36,36,'Et sapiente corporis dolorem quia. Quidem facere pariatur voluptatibus et vitae. Ut omnis beatae veniam dignissimos pariatur.',1,0,'2002-04-02 21:34:00'),(37,37,37,'Ullam et necessitatibus sapiente. Odit sed ullam optio voluptatem. Quod quibusdam earum aut dolor et facere.',0,1,'1992-04-25 01:22:20'),(38,38,38,'Doloribus illo ducimus sapiente consequatur optio eum. Voluptas temporibus magnam ex qui maiores dolorum vel. Error quia ea quis tempora.',1,0,'1985-07-14 19:15:28'),(39,39,39,'Est nam aliquid eaque eaque. Sed mollitia cumque reiciendis velit. Temporibus harum cumque saepe molestias quia quia.',1,0,'2018-07-29 12:06:06'),(40,40,40,'Distinctio velit ipsum quo aut. Rerum cumque sed ducimus velit et iure repellendus.',0,1,'1992-06-20 22:21:58'),(41,41,41,'Odit ratione est dolorem magnam eaque quas in. Perspiciatis numquam nobis cum culpa atque. Commodi qui fuga et facilis sed non velit.',0,0,'1984-04-09 02:07:16'),(42,42,42,'Aliquam sint cupiditate sit omnis a iusto. Nulla in ut velit maxime assumenda. Quasi dolorem exercitationem soluta quis dolore quasi ab aliquid.',0,0,'2012-01-09 18:24:47'),(43,43,43,'Aut eos voluptatum quia id. Velit qui cum fugit aut ut voluptates temporibus. Voluptas nihil facere omnis ut doloribus temporibus. Fugit ex deleniti architecto dolor.',0,0,'2016-08-02 18:53:18'),(44,44,44,'Velit fugit quibusdam ratione nemo ducimus. Tempora expedita molestiae adipisci neque. Sit eius fugit nisi. Molestias nostrum qui quis nesciunt quasi.',0,0,'1977-10-21 01:41:08'),(45,45,45,'Ut itaque ipsam eum ut ut. Beatae pariatur tenetur molestiae odio pariatur. Qui totam quis dolor eos voluptate corporis.',0,1,'1987-02-10 12:21:54'),(46,46,46,'Corrupti porro debitis ipsa. Ipsa commodi veniam sed officia officiis expedita neque. Unde ea iure vel amet debitis veritatis.',1,0,'2005-05-07 05:32:48'),(47,47,47,'Aut eveniet eos sunt ratione magni. Facere ipsa amet officiis magnam enim voluptas quia. Id sit quam debitis voluptas ut. Sapiente veniam quia amet est ea quas.',1,1,'1992-10-01 11:52:11'),(48,48,48,'Impedit voluptates exercitationem animi. Voluptatum repellendus animi debitis. Et quo repellat rerum.',1,0,'1984-10-16 08:02:46'),(49,49,49,'Aperiam quos aperiam et placeat. Ducimus vel eos sunt dicta fugit. Cupiditate sequi odit impedit ea neque dignissimos.',0,1,'1995-11-09 04:16:26'),(50,50,50,'Quas assumenda reprehenderit iure eius mollitia et odit. Iusto consequuntur magni corrupti error repellat error.',0,1,'1970-01-22 02:27:09'),(51,51,51,'Dolor nobis accusamus et quo consequatur accusantium. Doloremque est in nihil quas. Sint aperiam tenetur unde corrupti delectus quia aperiam. Ratione maiores dignissimos odio et.',1,1,'1993-11-10 15:52:48'),(52,52,52,'Sit autem tempora dolores veniam. Eos voluptate vel et est at voluptas. Sed nemo perferendis quae voluptas iusto. Quam corrupti ab autem autem harum est quia consequatur.',0,0,'1973-02-11 23:26:46'),(53,53,53,'Dolor omnis fugit mollitia dolores placeat sunt consequuntur. Non non est molestiae. Autem nisi dolorem modi deserunt explicabo quisquam neque velit. Et et deserunt ut maxime similique vitae vel.',0,1,'1996-05-08 11:01:25'),(54,54,54,'Illo laudantium voluptatem asperiores non consequatur et odit. Impedit possimus sit delectus perspiciatis adipisci. Reprehenderit debitis id quo rem. Eum ea temporibus iure quod.',0,1,'1990-12-15 23:48:36'),(55,55,55,'Praesentium nostrum minima amet quibusdam totam illo omnis. Voluptas et molestiae vero aut a quo ut pariatur. Et non eveniet vitae corporis. Eos deleniti quia saepe est.',1,1,'2002-08-03 07:20:15'),(56,56,56,'Et quae vel placeat occaecati. Et qui quia sit vel. Voluptatem in id ut non. Iure id ea odio provident itaque veniam.',0,0,'1980-04-28 17:29:09'),(57,57,57,'Minus nemo doloremque doloribus maxime sint. Sed odit nesciunt molestiae eos. Qui assumenda sit ullam expedita sunt veritatis. Ipsa veritatis soluta cupiditate.',0,0,'2015-02-21 15:35:15'),(58,58,58,'Id hic sit aut aut quia natus perspiciatis. Sit aut accusamus et aut ad veniam quibusdam praesentium. Dolores a aut ducimus perspiciatis dolore sequi.',1,0,'1998-10-03 05:11:27'),(59,59,59,'Reprehenderit dignissimos accusamus quis ut rerum odio. Consequuntur voluptas assumenda ullam. Vero incidunt sit aut voluptatum. Eligendi voluptate quis possimus quas.',0,1,'1974-06-25 01:16:32'),(60,60,60,'Libero et ea minima velit nihil. Molestias quia velit ratione debitis sed maiores eum neque. Incidunt dignissimos accusantium ut nisi velit dicta voluptatem. Ut ut molestiae eius in iusto. Omnis sint quas dolores repellendus dolorem.',0,0,'1983-02-03 14:33:05'),(61,61,61,'Pariatur ipsam aut veritatis eaque. Voluptatem sint deleniti et. Ea voluptatem ipsum aut commodi aliquam magni nulla. Cum ut repudiandae modi ut illo. Autem repudiandae neque omnis perferendis esse.',0,1,'1997-03-20 06:25:48'),(62,62,62,'Facilis pariatur modi ipsum ratione aspernatur vero. Quod odio ullam autem qui voluptas. Reiciendis optio consequatur reprehenderit optio. Ex sit dolores consectetur quasi.',1,1,'1989-07-24 16:40:04'),(63,63,63,'Est accusamus placeat culpa et vel aut non. Voluptates omnis dolor non illo doloribus. Quasi distinctio nisi quidem assumenda placeat aut veritatis rerum. Maiores velit magni amet et.',1,1,'1973-06-27 13:03:31'),(64,64,64,'Numquam voluptas omnis neque illum. Quae ea molestias maxime facere molestiae velit. Molestias incidunt ad labore quae vel iure. In autem debitis qui repudiandae ratione aliquam non accusamus.',1,0,'1971-11-22 23:28:36'),(65,65,65,'Repudiandae aut accusantium ipsum amet eius. Incidunt et labore nostrum. Dolores quia nulla quia quas. Aut autem modi consequatur.',1,0,'1991-08-05 05:03:29'),(66,66,66,'Commodi fugiat numquam est commodi nobis beatae labore. Et aliquam inventore sint qui nihil cum. Ea et id in consequuntur vero et. Repudiandae nesciunt rerum at cum est.',1,1,'1998-10-28 05:07:41'),(67,67,67,'Ut et dicta deserunt qui omnis. Facere dolores error debitis. Non et adipisci laborum sapiente quo iure voluptatem qui. Modi aperiam ratione deleniti qui quibusdam eos.',0,0,'1972-11-26 23:05:47'),(68,68,68,'Magnam quaerat nesciunt itaque omnis vel. Sed reprehenderit vitae aliquam. Modi alias officiis velit omnis est quidem.',0,0,'1971-03-15 14:17:24'),(69,69,69,'Ipsam quo eos illo quae incidunt qui. Totam officia qui est et qui est. Sunt quaerat placeat placeat totam deserunt. Ipsum tenetur distinctio excepturi omnis et quae et. Et velit atque hic porro laudantium est.',0,1,'1990-07-15 12:10:37'),(70,70,70,'Excepturi et dolor quidem quos ut velit laudantium. Velit nostrum dignissimos aut et harum enim provident. Minus natus aut minima ut. Praesentium doloremque rerum excepturi et odit eaque.',1,0,'1982-07-12 13:30:29'),(71,71,71,'Voluptatem quo debitis neque et aut voluptate. Ex facilis dolores eius nostrum suscipit et. Quia adipisci laudantium quos quia cupiditate.',0,1,'2006-11-11 15:21:40'),(72,72,72,'Repellendus temporibus ea placeat culpa magnam ipsa. Omnis rem perferendis tempore aliquid dolore et. Unde quia odio fugit nobis. Nemo perferendis omnis ab hic.',1,1,'2016-03-15 02:28:29'),(73,73,73,'Quod illo numquam veritatis accusamus molestias eos. Quod alias sequi animi cum ut adipisci et. A porro possimus voluptatum autem a at. Et iure voluptatem tempore et qui corrupti fugit.',1,1,'1979-04-25 16:07:32'),(74,74,74,'Id minima molestias eligendi porro in placeat. Perferendis illo dolorem quo nobis quis et. Quis natus sint in deleniti. Ea ipsum nulla omnis tempora sequi hic.',0,0,'2001-01-01 18:37:39'),(75,75,75,'Voluptatibus et maxime sint eveniet nisi non consequatur. Et pariatur fuga facilis ut reprehenderit. Non consectetur sint et possimus labore sit eum quo.',1,0,'1996-05-11 22:31:25'),(76,76,76,'Sit ab est sapiente. Doloremque perspiciatis voluptates tempora nisi ab. Rerum dolores earum eos vitae cupiditate dolores nostrum.',0,0,'1976-03-15 23:24:49'),(77,77,77,'Aut expedita ullam et voluptatem. Non est illum at animi cupiditate. Id eveniet asperiores reprehenderit officiis asperiores eveniet.',0,1,'1975-01-24 09:30:35'),(78,78,78,'Expedita non earum quisquam adipisci corporis neque. Quod est reprehenderit laboriosam voluptatem dolore. Dignissimos id commodi exercitationem aut ea quis.',1,1,'2014-11-28 22:09:25'),(79,79,79,'Natus itaque repudiandae ea. Repudiandae amet voluptas facere labore repellendus sint vel repellendus. Dolores qui quia natus impedit quia. Magni ipsam et exercitationem quis.',1,0,'1982-09-07 17:43:28'),(80,80,80,'Accusamus nobis et eos quaerat debitis eum nemo. Facere repudiandae aperiam et et. Iusto labore rem explicabo. Odit assumenda accusantium culpa.',0,0,'1995-07-31 23:49:49'),(81,81,81,'Aspernatur nesciunt magnam sit illum excepturi repellendus ea. Deleniti quos odio repudiandae accusamus ea sint dignissimos. Voluptatibus ut reiciendis officia et et recusandae ipsum quod. Sunt maxime temporibus autem dolorem.',0,0,'2013-03-12 01:05:51'),(82,82,82,'Aspernatur et iusto consectetur. Non deserunt corporis rerum distinctio voluptas.',1,0,'1987-08-09 14:39:16'),(83,83,83,'Hic sunt nisi ut optio. Saepe non dolorum sunt sint.',1,0,'1998-03-26 01:23:50'),(84,84,84,'Impedit corrupti libero et consectetur. Laborum aspernatur dicta et expedita. Facilis aliquid est possimus aut voluptatem quia. Voluptate itaque cum sit est consequatur dolores.',0,1,'1982-03-20 22:39:19'),(85,85,85,'Sit aut ut non enim earum. Dolorem eos qui sed sed enim veritatis. Magni illum qui dolores blanditiis nostrum. Temporibus sapiente nobis ut accusamus dignissimos sequi.',0,1,'1992-03-17 04:59:24'),(86,86,86,'Illum similique laboriosam accusamus perspiciatis hic omnis. Quis maiores itaque dicta placeat. Sit velit sed vel aut. Quam saepe non veniam praesentium sint et autem.',1,1,'1983-04-11 00:03:50'),(87,87,87,'Molestiae nihil inventore eveniet in. Sapiente quia voluptatem placeat reiciendis fuga at. Esse eum vel sed optio ut quia nostrum.',1,0,'1997-04-14 17:47:01'),(88,88,88,'In et sit aut eaque odit ut. Voluptatem vel nihil id consequatur recusandae provident a ipsam. Porro qui ex in accusantium tenetur aut ipsa dolor.',1,0,'2008-08-30 05:53:45'),(89,89,89,'Est animi incidunt expedita autem enim unde. Sed culpa iusto voluptas veritatis ex. Labore nesciunt accusantium libero ut at.',1,1,'2008-06-10 15:06:10'),(90,90,90,'Iure quaerat magnam consectetur consequatur labore. Non ut tempore quo neque quis sit. Doloribus occaecati rem magnam est tempore debitis dolorem.',0,0,'2014-11-09 03:17:53'),(91,91,91,'Vero sunt nihil autem vitae. Corporis excepturi consequatur quia. Odio ea enim exercitationem temporibus omnis aliquam dolorem. Hic est deleniti vero eum temporibus.',1,0,'1987-07-05 13:27:31'),(92,92,92,'Eveniet assumenda non ullam vitae neque voluptas. Nemo deleniti mollitia provident possimus eos alias voluptatem. Quia autem qui fugiat provident.',0,0,'2002-06-21 16:29:07'),(93,93,93,'Excepturi accusantium est non exercitationem et eos laboriosam. Aut quos exercitationem atque enim. Distinctio odio ab eveniet possimus eos pariatur.',1,0,'2012-01-14 18:47:54'),(94,94,94,'Labore et placeat aut labore. Officiis accusamus perferendis qui voluptatem nihil asperiores.',0,1,'2020-12-29 07:07:15'),(95,95,95,'Nihil nostrum nisi aspernatur. Ipsum saepe molestiae enim aut autem. Culpa facere consectetur tenetur et.',0,0,'1978-07-30 11:52:30'),(96,96,96,'Dolorum sint voluptate magni voluptates excepturi est. Sunt aut sed tenetur dolorum optio facere voluptatibus. Est hic quo excepturi dolorem quia modi sunt. Rerum rerum cumque dolorem animi reprehenderit quis.',0,0,'1979-05-30 09:08:44'),(97,97,97,'Sed sapiente sed fuga fugit aut consequatur. Ratione rerum corrupti necessitatibus nostrum magni molestias natus praesentium. Similique velit qui facere.',1,0,'1986-10-31 01:16:24'),(98,98,98,'Commodi tempore voluptas porro quae aut sit id. Est et praesentium quo assumenda. Quo non dicta tempore numquam labore culpa.',1,0,'1974-10-21 12:07:26'),(99,99,99,'Velit debitis corporis autem ut aut voluptas. Vitae ea blanditiis unde est nobis. Magnam ea sunt suscipit rerum error.',1,1,'1990-08-17 22:01:58'),(100,100,100,'Porro assumenda eum magni adipisci quibusdam molestiae quibusdam. Provident ut ut iure error neque. Sunt sequi soluta et dolorem laboriosam.',0,1,'1975-04-13 08:38:01');
/*!40000 ALTER TABLE `messages` ENABLE KEYS */;
UNLOCK TABLES;

--
-- Table structure for table `posts_likes`
--

DROP TABLE IF EXISTS `posts_likes`;
/*!40101 SET @saved_cs_client     = @@character_set_client */;
/*!50503 SET character_set_client = utf8mb4 */;
CREATE TABLE `posts_likes` (
  `post_id` int unsigned NOT NULL COMMENT 'Ссылка на пост',
  `user_id` int unsigned NOT NULL COMMENT 'Ссылка на пользователя, который поставил лайк',
  `created_at` datetime DEFAULT CURRENT_TIMESTAMP COMMENT 'Время создания строки'
) ENGINE=InnoDB DEFAULT CHARSET=utf8mb4 COLLATE=utf8mb4_0900_ai_ci COMMENT='Лайки на посты';
/*!40101 SET character_set_client = @saved_cs_client */;

--
-- Dumping data for table `posts_likes`
--

LOCK TABLES `posts_likes` WRITE;
/*!40000 ALTER TABLE `posts_likes` DISABLE KEYS */;
INSERT INTO `posts_likes` VALUES (1,1,'2021-04-02 20:39:51'),(2,2,'2021-04-02 20:39:51'),(3,3,'2021-04-02 20:39:51'),(4,4,'2021-04-02 20:39:51'),(5,5,'2021-04-02 20:39:51'),(6,6,'2021-04-02 20:39:51'),(7,7,'2021-04-02 20:39:51'),(8,8,'2021-04-02 20:39:51'),(9,9,'2021-04-02 20:39:51'),(10,10,'2021-04-02 20:39:51'),(11,11,'2021-04-02 20:40:50'),(12,12,'2021-04-02 20:40:50'),(13,13,'2021-04-02 20:40:50'),(14,14,'2021-04-02 20:40:50'),(15,15,'2021-04-02 20:40:50'),(16,16,'2021-04-02 20:40:50'),(17,17,'2021-04-02 20:40:50'),(18,18,'2021-04-02 20:40:50'),(19,19,'2021-04-02 20:40:50'),(20,20,'2021-04-02 20:40:50'),(21,21,'2021-04-02 20:41:13'),(22,22,'2021-04-02 20:41:13'),(23,23,'2021-04-02 20:41:52'),(24,24,'2021-04-02 20:41:52'),(25,25,'2021-04-02 20:41:52'),(26,26,'2021-04-02 20:41:52'),(27,27,'2021-04-02 20:41:52'),(28,28,'2021-04-02 20:41:52'),(29,29,'2021-04-02 20:41:52'),(30,30,'2021-04-02 20:41:52'),(31,31,'2021-04-02 22:32:47'),(32,32,'2021-04-02 22:32:47'),(33,33,'2021-04-02 22:32:47'),(34,34,'2021-04-02 22:32:47'),(35,35,'2021-04-02 22:32:47'),(36,36,'2021-04-02 22:32:47'),(37,37,'2021-04-02 22:32:47'),(38,38,'2021-04-02 22:32:47'),(39,39,'2021-04-02 22:32:47'),(40,40,'2021-04-02 22:32:47'),(41,41,'2021-04-02 22:34:07'),(42,42,'2021-04-02 22:34:07'),(43,43,'2021-04-02 22:34:07'),(44,44,'2021-04-02 22:34:08'),(45,45,'2021-04-02 22:34:08'),(46,46,'2021-04-02 22:34:08'),(47,47,'2021-04-02 22:34:08'),(48,48,'2021-04-02 22:34:08'),(49,49,'2021-04-02 22:34:08'),(50,50,'2021-04-02 22:34:08'),(51,51,'2021-04-02 22:34:08'),(52,52,'2021-04-02 22:34:08'),(53,53,'2021-04-02 22:34:08'),(54,54,'2021-04-02 22:34:08'),(55,55,'2021-04-02 22:34:08'),(56,56,'2021-04-02 22:34:08'),(57,57,'2021-04-02 22:34:08'),(58,58,'2021-04-02 22:34:08'),(59,59,'2021-04-02 22:34:08'),(60,60,'2021-04-02 22:34:08'),(61,61,'2021-04-02 22:35:15'),(62,62,'2021-04-02 22:35:15'),(63,63,'2021-04-02 22:35:15'),(64,64,'2021-04-02 22:35:15'),(65,65,'2021-04-02 22:35:15'),(66,66,'2021-04-02 22:35:15'),(67,67,'2021-04-02 22:35:15'),(68,68,'2021-04-02 22:35:15'),(69,69,'2021-04-02 22:35:15'),(70,70,'2021-04-02 22:35:15'),(71,71,'2021-04-02 22:35:15'),(72,72,'2021-04-02 22:35:15'),(73,73,'2021-04-02 22:35:15'),(74,74,'2021-04-02 22:35:15'),(75,75,'2021-04-02 22:35:15'),(76,76,'2021-04-02 22:35:15'),(77,77,'2021-04-02 22:35:15'),(78,78,'2021-04-02 22:35:15'),(79,79,'2021-04-02 22:35:15'),(80,80,'2021-04-02 22:35:15'),(81,81,'2021-04-02 22:36:56'),(82,82,'2021-04-02 22:36:56'),(83,83,'2021-04-02 22:36:56'),(84,84,'2021-04-02 22:36:56'),(85,85,'2021-04-02 22:36:56'),(86,86,'2021-04-02 22:36:56'),(87,87,'2021-04-02 22:36:56'),(88,88,'2021-04-02 22:36:56'),(89,89,'2021-04-02 22:36:56'),(90,90,'2021-04-02 22:36:56'),(91,91,'2021-04-02 22:36:56'),(92,92,'2021-04-02 22:36:56'),(93,93,'2021-04-02 22:36:56'),(94,94,'2021-04-02 22:36:56'),(95,95,'2021-04-02 22:36:56'),(96,96,'2021-04-02 22:36:56'),(97,97,'2021-04-02 22:36:56'),(98,98,'2021-04-02 22:36:56'),(99,99,'2021-04-02 22:36:56'),(100,100,'2021-04-02 22:36:56');
/*!40000 ALTER TABLE `posts_likes` ENABLE KEYS */;
UNLOCK TABLES;

--
-- Table structure for table `profiles`
--

DROP TABLE IF EXISTS `profiles`;
/*!40101 SET @saved_cs_client     = @@character_set_client */;
/*!50503 SET character_set_client = utf8mb4 */;
CREATE TABLE `profiles` (
  `user_id` int unsigned NOT NULL COMMENT 'Ссылка на пользователя',
  `gender` char(1) NOT NULL COMMENT 'Пол',
  `birthday` date DEFAULT NULL COMMENT 'Дата рождения',
  `city` varchar(130) DEFAULT NULL COMMENT 'Город проживания',
  `country` varchar(130) DEFAULT NULL COMMENT 'Страна проживания',
  `created_at` datetime DEFAULT CURRENT_TIMESTAMP COMMENT 'Время создания строки',
  `updated_at` datetime DEFAULT CURRENT_TIMESTAMP ON UPDATE CURRENT_TIMESTAMP COMMENT 'Время обновления строки',
  PRIMARY KEY (`user_id`)
) ENGINE=InnoDB DEFAULT CHARSET=utf8mb4 COLLATE=utf8mb4_0900_ai_ci COMMENT='Профили';
/*!40101 SET character_set_client = @saved_cs_client */;

--
-- Dumping data for table `profiles`
--

LOCK TABLES `profiles` WRITE;
/*!40000 ALTER TABLE `profiles` DISABLE KEYS */;
INSERT INTO `profiles` VALUES (1,'','1972-04-19','Port Cliftonstad','1','2018-02-24 21:01:18','1996-02-01 14:16:14'),(2,'','1976-07-13','Mayshire','846918','2014-01-30 01:34:45','2015-07-13 10:08:47'),(3,'','1993-12-06','South Alejandrashire','1430','1989-07-08 07:01:26','2011-06-22 06:05:35'),(4,'','2003-07-24','Branttown','3','2007-01-22 08:15:38','1983-06-17 01:20:54'),(5,'','1993-08-16','North Ricardofurt','8431372','2017-07-20 22:47:32','1997-09-17 22:14:50'),(6,'','2010-07-25','Rempelport','469000','2017-10-30 01:28:08','1995-01-31 16:09:21'),(7,'','2002-12-24','East Santiagostad','18','1970-06-26 07:59:18','1992-07-11 23:10:32'),(8,'','2013-11-28','Idaville','785','2018-01-26 04:50:39','2012-09-08 09:55:32'),(9,'','1988-07-12','Grayceshire','220','2007-01-20 05:56:24','1993-02-26 03:30:45'),(10,'','2016-02-10','East Ari','','1994-06-08 16:10:49','1999-10-09 13:23:02'),(11,'','2020-09-23','New Kadinshire','3650843','1982-11-25 03:23:12','2007-05-14 20:23:35'),(12,'','2017-10-03','Destinmouth','617162','1979-07-17 22:34:29','2017-07-18 00:48:39'),(13,'','2012-04-23','Albertport','29621','2001-10-16 18:45:22','2019-02-19 10:43:40'),(14,'','2017-04-29','West Jefferyville','90','1977-04-04 18:14:13','2008-11-10 02:31:56'),(15,'','2000-09-11','Uptonchester','','1974-11-10 04:02:43','1973-06-09 01:58:54'),(16,'','2001-10-28','Jarodfort','50554891','2007-07-01 22:14:58','1992-05-27 10:10:14'),(17,'','2020-09-06','Towneview','5001','2009-08-19 16:55:10','1995-10-11 04:49:37'),(18,'','2014-06-04','West Jeromy','','2013-05-30 19:51:58','2016-04-03 14:17:45'),(19,'','1995-07-23','South Philipport','14','1981-03-08 04:13:49','1988-03-07 23:27:01'),(20,'','1978-11-07','Buckridgefort','90','1976-12-24 07:42:11','2006-05-29 01:29:19'),(21,'','2014-05-22','Lazaroborough','67','1982-07-23 02:53:38','2001-11-15 00:59:58'),(22,'','2001-08-01','Ricemouth','7485162','1981-10-25 14:55:08','1984-11-15 10:07:45'),(23,'','1998-03-08','Connellyside','6166','2005-10-02 08:18:41','1973-12-22 02:48:05'),(24,'','1971-09-06','Port Fabiola','9496','1995-11-30 10:48:17','1985-05-11 10:51:59'),(25,'','1993-05-05','Stantonburgh','168896','1985-11-23 14:13:43','1975-07-25 17:42:16'),(26,'','1981-01-02','Doylemouth','57963','2004-04-12 20:03:06','2020-10-01 01:22:05'),(27,'','2017-01-27','Lake Deron','5','2005-09-01 15:50:17','1982-04-05 09:50:09'),(28,'','2000-02-03','East Luzmouth','27251','1990-07-17 07:55:32','2014-10-23 11:06:19'),(29,'','2003-02-02','East Melyna','49125786','1986-03-11 13:35:24','1970-10-18 20:21:51'),(30,'','1974-01-22','Torphyland','69628309','2009-02-28 22:18:52','1996-12-25 02:46:19'),(31,'','2011-02-17','Dibbertfurt','732168849','1986-01-08 11:49:08','1975-01-06 09:29:34'),(32,'','1978-04-09','Windlerhaven','','2009-08-03 20:28:42','1985-12-03 14:18:39'),(33,'','2003-11-23','North Evelyn','33216','1998-03-07 06:37:28','1979-11-22 15:46:36'),(34,'','2009-04-29','East Leopoldoport','3722973','1972-02-28 17:00:34','2010-08-24 01:40:45'),(35,'','2011-07-14','North Jaceybury','','1974-04-25 10:51:20','2003-10-09 03:19:24'),(36,'','2011-01-10','Dannieside','22','1975-07-22 13:24:59','2008-03-29 10:52:14'),(37,'','1987-02-13','New Gust','82','1980-04-14 10:55:43','1979-04-28 18:39:46'),(38,'','1993-07-20','East Damon','6226','1974-11-10 20:21:05','2018-05-19 17:26:16'),(39,'','2010-08-10','Berylport','87652','2002-08-21 18:56:28','2005-06-02 16:52:35'),(40,'','1974-02-17','North Mertie','36','1975-09-24 18:47:53','1996-12-21 06:09:32'),(41,'','2006-12-17','West Kiarramouth','8','1988-08-16 12:11:11','1991-09-13 20:19:47'),(42,'','1998-10-07','South Joanytown','4791744','2016-12-16 11:33:05','1986-07-13 03:34:08'),(43,'','1996-01-02','North Madelinehaven','9','1975-03-10 17:11:43','2017-08-09 15:46:53'),(44,'','2008-08-05','Francobury','25','1987-06-15 08:02:54','1987-12-29 16:03:39'),(45,'','2002-06-21','Jastfurt','5858215','1995-01-05 00:41:20','1984-10-15 22:05:52'),(46,'','2005-06-21','Schulistfort','75','1982-11-02 04:57:03','2012-08-11 11:21:45'),(47,'','2008-07-01','Alenafurt','71129','1979-04-16 14:25:34','1993-12-06 20:56:17'),(48,'','2017-02-16','Vadastad','','1992-03-19 03:31:06','1974-02-26 11:33:20'),(49,'','1975-03-16','Hillsborough','4','2013-02-02 06:50:12','2006-07-21 11:12:16'),(50,'','2019-01-12','Alyciafort','9','2001-10-21 10:17:07','1973-08-20 01:47:15'),(51,'','2012-02-08','East Lorenaburgh','94','1974-09-22 07:45:51','2007-04-10 04:27:18'),(52,'','2019-10-21','New Amaliaside','3592827','1975-11-25 23:04:13','2002-06-13 23:31:13'),(53,'','1988-11-26','Elsiemouth','930038812','1975-11-28 18:57:00','2002-06-04 23:52:59'),(54,'','2020-05-10','Americaside','1002906','1978-08-18 02:45:28','1987-01-20 15:58:15'),(55,'','1973-12-09','Schroederburgh','594','1998-07-06 22:49:41','2007-05-24 17:43:28'),(56,'','1979-10-19','East Brenda','40','1986-07-23 07:51:08','2001-10-09 10:35:10'),(57,'','1990-04-06','Quigleyport','1','1997-06-06 04:21:27','2007-10-26 07:20:10'),(58,'','1996-07-20','Ebonyhaven','8','1975-05-20 02:00:17','2019-02-15 10:12:21'),(59,'','2019-07-12','Torptown','322','1996-04-25 05:50:02','1992-07-20 23:03:32'),(60,'','2008-10-29','Gottliebland','3','2002-07-29 21:55:11','1984-12-04 21:07:51'),(61,'','1999-02-17','Ferrystad','9714','1989-02-13 18:22:14','1972-11-06 01:44:43'),(62,'','1993-06-13','Eldonton','8473','1988-09-30 03:06:26','2014-04-10 07:09:55'),(63,'','1988-04-18','South Tiana','4907997','1990-05-08 14:54:16','2011-02-14 01:35:18'),(64,'','1978-03-11','Boscoton','8','2017-11-21 14:18:15','1974-07-19 16:28:35'),(65,'','2017-06-26','South Hattieberg','3092974','1970-08-04 09:01:21','1972-04-08 17:06:56'),(66,'','1989-10-11','West Winstonshire','267213','1998-07-21 05:39:43','2003-03-05 06:21:16'),(67,'','2007-01-05','Dachburgh','84','2010-11-27 09:34:33','1976-08-27 10:04:55'),(68,'','2014-02-15','Koeppstad','','1976-03-30 22:35:15','1980-07-03 00:46:31'),(69,'','1993-06-05','Duaneburgh','707','2009-05-10 08:21:59','2013-01-01 10:34:59'),(70,'','1993-04-19','Windlerbury','5','1989-03-02 07:16:12','1970-05-20 02:48:22'),(71,'','1983-06-16','West Joport','61','1981-10-15 02:16:08','1998-09-18 11:55:12'),(72,'','2006-01-23','Nicklausberg','904','1983-11-28 09:11:55','1974-10-11 17:37:36'),(73,'','2000-12-18','New Wilma','832','1988-04-28 14:45:09','1976-07-05 22:30:42'),(74,'','1988-03-19','Josianehaven','66429','1978-10-31 05:18:56','2015-12-07 08:26:18'),(75,'','1970-06-10','North Paytonside','31881','1993-09-23 08:32:10','1982-07-26 05:18:18'),(76,'','1995-02-07','McLaughlinview','','1983-08-06 12:07:06','2009-03-23 03:18:14'),(77,'','1992-01-08','Port Murlberg','450','1976-02-15 14:01:55','1983-05-02 13:58:08'),(78,'','1986-02-11','Ryleeton','65','2000-07-27 12:57:06','2012-08-31 09:38:02'),(79,'','1974-07-06','Lake Sylvia','4962242','2009-01-12 10:13:31','1985-05-09 14:37:56'),(80,'','2010-11-06','Velvachester','384976','2019-10-09 22:41:31','1978-05-31 14:21:41'),(81,'','1979-12-01','Port Antonina','','1986-04-08 11:41:38','1986-05-31 09:14:28'),(82,'','2013-04-16','West Friedrichmouth','9057052','2020-11-28 04:37:14','1992-10-26 17:06:44'),(83,'','1987-11-05','South Luciano','20','2017-12-01 17:50:33','2004-04-18 18:42:09'),(84,'','1995-12-06','Deliatown','','1982-08-12 06:17:39','2012-07-27 00:57:50'),(85,'','2019-09-12','Port Antonioshire','88791731','1997-03-30 04:07:01','1989-05-16 21:41:15'),(86,'','2011-12-22','Dareshire','60248792','1979-09-13 05:44:58','2008-03-12 20:04:33'),(87,'','1988-08-29','New Ronaldoborough','650785718','1971-07-10 09:43:32','1970-06-23 01:36:04'),(88,'','2002-05-14','West Oliverstad','768','1997-09-09 12:23:44','2013-11-26 15:02:05'),(89,'','2009-07-11','Ewellstad','759','2007-09-05 21:32:32','2015-06-03 04:42:09'),(90,'','1970-02-08','New Delfinahaven','917144','2013-10-16 14:13:03','1993-06-20 14:59:36'),(91,'','2020-01-27','Port Deja','26318','2017-09-14 14:21:40','1979-08-11 07:23:51'),(92,'','2017-05-07','Nikolauschester','','1995-09-05 07:38:45','1992-11-04 20:27:17'),(93,'','1980-09-19','Port Vena','331163','1994-05-09 14:31:25','1987-05-03 04:19:28'),(94,'','1989-12-07','Raoulville','6431893','1983-03-27 18:40:03','2012-10-24 11:40:49'),(95,'','1986-12-05','Ratketown','464','2017-01-27 10:09:07','2019-08-21 22:39:11'),(96,'','2001-08-21','South Corbinchester','','1976-01-30 09:53:31','2018-10-12 04:50:48'),(97,'','1975-06-15','West Buddy','29','1987-09-29 10:48:39','2014-05-21 22:45:39'),(98,'','2015-12-31','West Clementstad','24','1970-11-27 23:18:18','1994-09-12 06:35:32'),(99,'','2001-02-07','North Jonas','68405665','2008-04-16 23:36:58','2010-03-25 23:04:38'),(100,'','2008-03-25','Stiedemannmouth','818540907','1988-08-26 16:40:44','1980-03-29 11:20:58');
/*!40000 ALTER TABLE `profiles` ENABLE KEYS */;
UNLOCK TABLES;

--
-- Table structure for table `user_posts`
--

DROP TABLE IF EXISTS `user_posts`;
/*!40101 SET @saved_cs_client     = @@character_set_client */;
/*!50503 SET character_set_client = utf8mb4 */;
CREATE TABLE `user_posts` (
  `id` int unsigned NOT NULL AUTO_INCREMENT COMMENT 'Идентификатор строки',
  `user_id` int unsigned NOT NULL COMMENT 'Ссылка на пользователя, который создал пост',
  `body` text NOT NULL COMMENT 'Текст поста',
  `created_at` datetime DEFAULT CURRENT_TIMESTAMP COMMENT 'Время создания строки',
  `updated_at` datetime DEFAULT CURRENT_TIMESTAMP ON UPDATE CURRENT_TIMESTAMP COMMENT 'Время обновления строки',
  PRIMARY KEY (`id`)
) ENGINE=InnoDB AUTO_INCREMENT=101 DEFAULT CHARSET=utf8mb4 COLLATE=utf8mb4_0900_ai_ci COMMENT='Посты пользователя';
/*!40101 SET character_set_client = @saved_cs_client */;

--
-- Dumping data for table `user_posts`
--

LOCK TABLES `user_posts` WRITE;
/*!40000 ALTER TABLE `user_posts` DISABLE KEYS */;
INSERT INTO `user_posts` VALUES (1,1,'Exercitationem et laudantium dolore dolorem et alias. Dicta minus et harum explicabo. Et doloribus maiores rerum debitis.','2010-01-27 01:55:35','1990-03-05 19:39:44'),(2,2,'Rerum voluptas ratione velit. Ipsa quia rerum sit magni. Et necessitatibus numquam et omnis debitis qui occaecati.','1984-08-15 01:02:40','2013-12-16 23:18:52'),(3,3,'Earum rerum ut ut commodi nihil. Dolor hic vel debitis ut voluptatum. Vitae accusamus consequuntur eum impedit et. Numquam sint asperiores a est.','1983-11-24 21:11:49','1989-04-14 17:05:05'),(4,4,'Quibusdam beatae exercitationem sunt voluptatem quo tenetur. Nulla ut eum provident voluptatem optio facilis. Nihil eius et id. Dolorem esse corrupti voluptatem dicta rerum vel.','1999-05-09 13:50:43','2011-04-17 06:58:14'),(5,5,'Quasi eius qui quo. Sequi est odit similique similique est veniam. Exercitationem ratione veritatis sunt nihil. Et est incidunt quidem labore dolores.','1977-12-13 13:24:32','2009-09-25 15:22:38'),(6,6,'Quia ducimus odit repudiandae explicabo molestiae porro velit. Quam incidunt delectus assumenda et illum sint. Suscipit voluptate deleniti omnis quia quia ex qui.','1971-06-27 05:19:31','2011-10-15 10:20:01'),(7,7,'A sed ut nostrum soluta dicta sit omnis. Vel sint est excepturi molestiae quidem. Aliquid necessitatibus sapiente in maxime quia. Harum hic sed distinctio amet. Repudiandae tenetur voluptas et libero fuga molestiae.','1973-06-30 21:56:23','1981-04-27 12:34:31'),(8,8,'Ea illum labore et non. Magnam fugiat dolorem unde ut voluptatibus. Sequi itaque et sequi asperiores ut.','1970-12-08 12:03:17','1972-12-03 10:07:58'),(9,9,'Aliquid doloribus corporis esse voluptatem error in porro. Ut reprehenderit illo ut similique voluptatibus odit. Consectetur eum nobis optio quia.','2006-10-05 01:24:30','1993-08-08 16:17:48'),(10,10,'Ducimus delectus at dolore soluta qui. Provident quia ea odit repellendus. Asperiores rerum explicabo cupiditate facilis.','1980-01-02 04:10:33','2014-10-02 21:58:15'),(11,11,'In neque dolores vel fugit. Harum amet ipsam veritatis modi dolor placeat. Aliquam aut occaecati tempora enim voluptatem ipsum officiis.','1997-11-08 18:42:57','1979-04-03 12:40:37'),(12,12,'Dignissimos inventore porro qui qui debitis vel sed. Quod ut suscipit cumque autem quis et.','1976-02-21 05:56:59','1978-10-01 11:46:19'),(13,13,'Ut id in vel quod. Maxime temporibus expedita rerum voluptas et molestiae. Ea debitis aliquid distinctio et est sunt. Non architecto aperiam dicta rem eveniet nam.','1972-05-07 02:10:00','1980-01-11 06:48:58'),(14,14,'Officia inventore quisquam earum qui ut nisi. Culpa aut consequuntur neque asperiores voluptate. Incidunt quidem nesciunt tenetur nisi culpa rerum. Sequi voluptatem voluptas porro non in.','1998-11-11 13:15:54','2014-10-30 09:34:54'),(15,15,'Inventore ut neque necessitatibus. Quia et ut cumque dolorum repellat. Et repellat inventore architecto quia.','1975-02-24 04:49:01','1984-10-30 02:23:17'),(16,16,'Reiciendis quisquam dolores eligendi praesentium. Nam debitis sapiente officia optio aliquam quo veniam. Quas nemo quam voluptas eum ad.','2007-12-16 13:52:32','2009-05-08 23:12:52'),(17,17,'Autem tempore sapiente ad eum et. Sed aspernatur et non sed. Quia porro iure rem earum harum in et. Sed quis animi nihil eveniet velit aut.','1999-07-08 15:32:16','1993-12-01 10:55:32'),(18,18,'Doloremque quaerat ullam et itaque ea enim. Similique delectus earum accusantium quia dolorem.','1984-07-05 11:10:48','1976-03-27 20:32:09'),(19,19,'Quas ad ad culpa animi quia. Amet tenetur et ad. Numquam voluptatibus ipsa et repellendus possimus ut.','1988-04-16 09:52:48','2002-04-20 13:44:54'),(20,20,'Perferendis laboriosam voluptas consectetur. Eum minima ut facere impedit dolor architecto et. Qui et magnam sint sapiente error similique ullam.','2006-07-18 00:02:27','1986-05-03 04:51:07'),(21,21,'Et ut ratione molestiae velit quidem totam. Ipsa natus quia aut aliquam placeat magnam sequi. Deserunt sit qui necessitatibus odio praesentium ut. Voluptas cumque sed facere expedita nemo in.','2020-06-21 11:30:37','1999-08-04 17:01:16'),(22,22,'Necessitatibus aut blanditiis libero deserunt rerum tenetur quas aliquam. Quos distinctio consequatur rerum quasi est. Quaerat cupiditate molestiae quia qui qui. Omnis perspiciatis soluta distinctio ea nemo vel est.','2012-02-26 07:38:58','2005-12-26 02:38:05'),(23,23,'Totam officia explicabo nobis quo porro necessitatibus. Accusamus iure in distinctio est inventore laborum unde. Velit dolores asperiores atque porro tenetur ut sint laboriosam. Consequuntur ea quidem ab mollitia dolore.','2001-09-29 14:17:55','1976-02-11 04:27:46'),(24,24,'Non est quasi eaque dolores. Occaecati eveniet sed ipsam. Laboriosam et distinctio id consequatur consequatur mollitia. Et quam eius non vel laborum.','2014-08-07 03:59:53','1979-09-20 12:57:10'),(25,25,'Quibusdam quis voluptatibus cumque voluptatem. Maiores blanditiis impedit at ex eos doloribus. Consequatur eius ipsum quia fuga adipisci. Veritatis maiores distinctio illum nostrum. Occaecati quam commodi placeat.','1989-12-20 14:50:34','2011-12-31 11:56:02'),(26,26,'Temporibus quia voluptatem optio illo. Veniam et sit ea modi.','2010-02-15 00:52:49','1975-09-21 13:22:14'),(27,27,'Similique debitis assumenda repellendus laborum. Suscipit temporibus et quia alias animi quae debitis. Repellendus at omnis facilis et nesciunt facilis qui. Et amet est nobis sunt in ratione deserunt.','1973-03-13 17:06:13','2002-11-05 19:46:30'),(28,28,'Sint voluptatem quisquam voluptatum a. Laboriosam et quas ratione consequatur reiciendis. Repellendus alias aspernatur accusantium. Corrupti accusamus unde quibusdam consequatur iure.','2004-01-07 17:03:01','2001-09-28 19:48:13'),(29,29,'Reprehenderit et ut excepturi. Ex cum tempore modi quia et omnis dolorem. Animi consequatur reprehenderit ut velit aut ullam quis. Veritatis corrupti est est dolor quidem magni quo.','1979-12-07 16:26:49','2000-07-09 06:56:10'),(30,30,'Voluptates sapiente quas sed reprehenderit sit. Ullam dolores saepe voluptatem aut in reiciendis nesciunt. Eos molestiae exercitationem natus hic. Placeat sit veniam rerum odit.','1991-06-11 07:48:51','2020-01-07 14:44:31'),(31,31,'Provident provident totam quaerat eveniet nobis. Consequatur sint laborum omnis occaecati magni recusandae. Voluptatem qui ut ut quae.','2011-04-05 04:11:37','1980-09-03 18:35:17'),(32,32,'Officiis quo aliquid quae architecto provident eos repellendus. Consequuntur perferendis saepe molestiae excepturi at est. Quidem voluptatem asperiores a quo delectus. Et optio officiis temporibus tempora eaque officia vel.','1987-11-16 09:29:36','2021-02-23 23:48:54'),(33,33,'Non labore aut libero possimus iusto tempora est. Error et quisquam neque illum quos.','2002-09-26 21:25:55','1982-11-10 06:12:48'),(34,34,'Commodi quasi aut perspiciatis illo. Est aliquam fugit aspernatur est neque magnam et voluptas.','1976-07-06 23:43:36','2013-12-30 00:29:05'),(35,35,'Iste dolorem mollitia id rerum nobis nihil laboriosam a. Aut est aut explicabo eos sequi. Aliquid quam velit mollitia molestias nemo similique ea. Itaque numquam et culpa qui.','1991-01-26 16:36:08','2011-05-05 13:45:49'),(36,36,'Quaerat dolores ut quidem nesciunt culpa praesentium eum sit. Sed quia est aut tenetur autem itaque fuga. Non consequatur illo est qui. Omnis dolore dolor dolorem sed est molestiae mollitia.','1987-05-07 10:34:24','1979-12-26 19:01:19'),(37,37,'At necessitatibus culpa nihil harum voluptas molestias exercitationem odio. Nisi similique nesciunt facilis sunt ipsum dolorum. Dolor qui nostrum voluptas qui dolorum tempore magni minus.','2018-11-14 00:17:18','1971-09-10 21:06:38'),(38,38,'Et voluptatem molestiae excepturi nam inventore repellendus omnis. Dolore magnam porro voluptate et quam aliquam suscipit. Et ratione molestiae iure deleniti debitis quae labore et.','2001-04-22 16:00:55','2014-05-30 03:58:04'),(39,39,'Non aperiam provident tempora minima. Natus quia ea necessitatibus. Dolor unde fugiat labore qui.','1979-09-20 04:03:38','1994-05-23 22:05:34'),(40,40,'Numquam et omnis rerum et provident aut. Sapiente suscipit autem et. Sit quia inventore et eius. Asperiores et unde at aut.','2016-12-17 10:38:19','2003-02-20 10:59:26'),(41,41,'Nihil quidem dignissimos dolor consectetur quia labore commodi. Nisi voluptatum maiores nobis aperiam sequi voluptatibus quos. Voluptatem ex a consequatur debitis id cumque. Minus explicabo qui esse a. Itaque consequatur praesentium nihil placeat aut non pariatur.','1999-08-08 17:20:55','1985-04-09 14:09:13'),(42,42,'Rem quia assumenda vel aut ut officia ipsam. Nisi temporibus facere ducimus dicta illo exercitationem officiis. Quia cumque praesentium magni voluptas voluptates neque porro iste.','1994-11-01 14:15:44','1999-09-30 19:26:48'),(43,43,'Quam maiores eaque minima. Nihil debitis explicabo perspiciatis aut quia itaque. Consequatur velit doloribus aut. Illum quam in modi enim perferendis aut qui cupiditate.','1978-05-24 22:10:03','1993-09-08 07:37:12'),(44,44,'Dolorem consectetur ut possimus incidunt numquam sit. Labore consequatur animi voluptas suscipit et. Harum quia aut consectetur. Cum voluptatum dolore dolores.','2010-07-24 03:44:41','1978-06-03 21:20:55'),(45,45,'Debitis et quisquam alias vel sequi fugit. Fuga est ducimus esse sunt ut nam. Iure qui et tenetur architecto tenetur.','1988-03-13 18:21:06','2019-04-19 10:30:30'),(46,46,'Ut exercitationem placeat voluptas rerum fugit. Magni quo eligendi vel reiciendis voluptatum et non. Et ut deleniti perferendis harum aperiam. Magni itaque aut ut beatae qui aut ex.','1991-11-01 05:17:41','2013-09-26 08:31:03'),(47,47,'Ducimus veniam facere debitis laudantium sequi. Iste natus ad odio ratione vel. Eos doloribus aspernatur aut minus laboriosam.','1977-04-26 22:32:05','2015-07-04 08:02:30'),(48,48,'Accusantium omnis soluta in autem nulla sint consequatur. Ex et rerum et cumque ipsum voluptas dolorum iusto. Est corporis dolores est quia. Et quis consequatur et asperiores.','1977-01-20 11:44:11','1992-03-12 17:42:00'),(49,49,'Velit qui laborum officiis quam velit delectus. Ut cumque odio officia aut asperiores hic sunt. Quibusdam consequuntur facere quia reiciendis. Facilis consequatur recusandae praesentium. Et velit aut omnis exercitationem sit.','1988-07-07 04:45:25','1980-02-19 11:16:20'),(50,50,'Corporis autem quis aperiam. Inventore quas voluptas recusandae sit veniam dolor expedita.','1973-11-28 11:42:27','2014-07-30 10:24:06'),(51,51,'Incidunt iure impedit fugit fugit. Molestiae officia necessitatibus temporibus praesentium. Voluptatem animi nobis quis maxime. Officia impedit accusamus eius sapiente architecto.','1972-10-30 20:26:07','1983-04-05 14:23:05'),(52,52,'Perspiciatis debitis voluptate fugit aut. Blanditiis corporis vel occaecati in ut optio.','2009-09-08 19:13:21','1979-10-18 13:01:45'),(53,53,'Impedit ea est rerum dolor. Error laboriosam quia voluptatem est nihil aut sequi sit. Vitae et explicabo dicta consequatur minima natus inventore. Corporis est et sunt ipsum maiores exercitationem vitae.','2014-04-27 00:42:56','2017-09-28 18:37:00'),(54,54,'Doloribus voluptate autem quos nulla rerum quia. Velit velit dolorum ea sint. Amet ut totam ex ea dicta harum.','1983-01-02 17:18:19','2000-05-17 23:50:05'),(55,55,'Sint odio neque enim atque consequuntur et. Et amet maxime itaque excepturi totam optio. Libero laboriosam qui atque. Incidunt qui sint excepturi.','1977-11-08 21:34:56','1972-01-17 23:01:13'),(56,56,'Qui atque rerum repudiandae. Maxime odio eum possimus eligendi. Ducimus ad qui possimus eos ex.','2013-07-11 17:46:15','2016-07-22 11:02:11'),(57,57,'Voluptatem et quaerat dignissimos est officiis provident recusandae. Aut voluptatem eaque voluptas et voluptatum dolor similique. Aut maiores repellat aspernatur voluptatem odio aperiam hic omnis. Saepe animi corporis dolores dolores maxime quibusdam.','2001-06-18 00:55:45','1982-12-31 06:15:48'),(58,58,'Consequatur quisquam eos doloribus iure. Blanditiis alias iste corrupti velit alias non eaque. Reprehenderit sapiente est possimus ipsam fugit in ipsum ipsam.','1999-07-24 04:43:08','1971-05-19 21:27:26'),(59,59,'Excepturi nulla eum consequatur qui sint molestiae. Cum non iusto et rerum ut iure. Sunt sunt esse dolor laudantium ducimus ipsa.','1990-10-17 03:09:11','2006-08-20 20:24:37'),(60,60,'Corrupti dolores in ducimus veniam eveniet voluptate quis sint. Tempore error similique aspernatur provident.','1971-09-16 19:49:13','1994-11-07 07:55:51'),(61,61,'Commodi doloremque ea ipsum eaque dolor dolorum. Repudiandae voluptatem rerum consequatur voluptas illo dolor. Qui veniam autem qui a delectus rerum quis. Rerum sunt eaque magni debitis.','1994-07-08 08:12:49','2000-03-14 22:59:35'),(62,62,'Quos iusto enim optio ut labore. Fugiat et mollitia tempore facilis possimus alias. Sit velit non aut quo et.','1993-04-07 16:05:14','2001-03-13 02:18:53'),(63,63,'Nesciunt aut expedita facere eveniet et. Est et culpa pariatur. Doloribus nulla et tenetur incidunt.','2010-08-19 20:43:49','2014-12-22 09:34:45'),(64,64,'Dignissimos sint consectetur aliquam facilis nihil facilis. In voluptate deserunt commodi commodi nobis voluptas. Nihil ut omnis quidem quasi et quo. Est perspiciatis qui est dolorum velit provident.','1995-07-16 00:25:08','1995-09-10 12:50:18'),(65,65,'Accusantium nobis consequatur nobis ducimus laborum autem. Facere maiores velit id sunt. Laborum ex quisquam ut voluptatem quia.','2001-11-29 07:52:44','2012-10-11 11:36:02'),(66,66,'Tempore voluptatem odit enim blanditiis. Quo commodi omnis nihil consequatur impedit. Atque dolor voluptatum iusto et labore porro minus.','1999-01-09 09:23:50','1973-12-11 22:22:39'),(67,67,'Perspiciatis repellat ipsa laudantium fuga omnis adipisci optio. Soluta eum aut reprehenderit ea voluptas et. Ea quaerat corrupti odit voluptas quaerat.','2019-04-26 17:55:35','2003-11-04 00:03:30'),(68,68,'Et est fugit quos beatae nihil. Voluptatum fuga sunt qui animi explicabo voluptatibus non. Ea dolor eius laudantium impedit distinctio aliquid odio. Quia voluptatibus cum reprehenderit autem tempora esse veniam sed.','2006-01-28 22:35:45','1995-10-04 13:00:29'),(69,69,'Cum omnis voluptatem nesciunt cumque. Exercitationem corporis odit doloribus dicta et. Nisi ratione veritatis dolorum tempora animi aut. Praesentium saepe qui ipsa velit et consequuntur.','1999-07-09 03:40:07','2002-12-24 18:51:09'),(70,70,'Nihil nulla similique porro molestiae aliquam qui rem. Quibusdam eaque nostrum nam aut. Ea sint sequi dicta esse in. Itaque quia consequatur voluptas.','1987-08-15 23:35:20','1996-09-23 22:20:37'),(71,71,'Harum id in qui quis enim. Eos quibusdam provident corporis nostrum sit ullam. Porro omnis quasi harum sed in distinctio qui expedita. Omnis omnis inventore sit consequuntur eum iusto.','1975-05-18 09:44:07','2004-07-16 08:21:23'),(72,72,'Reprehenderit et possimus ullam nobis sed velit. Nisi ducimus laboriosam soluta nam perferendis eum dolores. Molestiae corporis sequi est quis.','2008-01-09 10:57:09','1995-08-23 20:08:11'),(73,73,'Placeat minus dicta est vero repellendus molestiae cum. Totam natus molestiae provident natus molestias. Adipisci exercitationem expedita omnis aut odio. Deserunt illum impedit quia accusamus sequi modi voluptas.','2018-07-05 17:21:19','1975-05-21 05:18:46'),(74,74,'Vitae harum vero quia ratione voluptatem id qui. Omnis repudiandae autem sit. Quod maxime sit veritatis sint tenetur consequatur. Consequuntur odit sapiente ratione nemo sed.','2018-09-13 07:32:19','2007-03-14 14:45:28'),(75,75,'Libero aut qui perspiciatis numquam quisquam qui laudantium molestiae. Ipsa ut repudiandae ratione est amet dicta. Libero error nobis eum dolorem aliquid dolore. Sunt non aut suscipit cumque sapiente.','1985-08-08 08:28:39','2014-12-20 18:52:08'),(76,76,'Temporibus voluptate natus expedita eius dolore blanditiis laboriosam. Nostrum ea dolorum animi minima autem tempore. Omnis sit consequatur cupiditate fugiat rerum excepturi perferendis.','1982-05-31 22:42:51','2016-01-18 02:27:35'),(77,77,'Reiciendis labore aut blanditiis facere sint vitae. Perferendis iure rem quod officiis magnam suscipit cum amet. Repellat consectetur voluptate quia adipisci.','2013-11-13 15:11:39','1981-10-25 07:11:42'),(78,78,'Accusamus eius amet quisquam eos quibusdam. Autem quaerat voluptas vel officiis molestiae ex nihil. Numquam non veritatis consequatur.','1973-06-04 10:02:31','2001-08-26 04:33:57'),(79,79,'Assumenda quidem dolor consequatur perspiciatis. Sint voluptatem et officiis aut magnam ea. Et error ut nihil aut molestiae et tempore ut. Est voluptatem illo nisi dolores illo officiis cum. Sit voluptatum vitae necessitatibus aut commodi laudantium sit.','1996-09-08 18:48:35','1997-11-04 14:37:44'),(80,80,'Veritatis ipsum officiis voluptatibus labore. Quod in fugit in neque. Et qui molestias quis deleniti fugit. Debitis quidem aut porro labore.','1985-10-15 17:44:20','2002-02-27 23:26:01'),(81,81,'Sapiente voluptatem quasi aut numquam voluptatem ex error. Quidem ab sed non qui sapiente officia. Ut culpa reiciendis doloremque et. Accusantium occaecati dolorem consequatur rerum eius cum et.','2007-01-11 02:34:27','2012-01-04 22:49:03'),(82,82,'Incidunt nam vero cum minima id. Cum minus quisquam et ea. Rerum minima culpa dolores commodi sit. Recusandae nesciunt distinctio magnam est ea reiciendis sed.','1989-01-23 18:10:23','1975-08-30 08:07:23'),(83,83,'Provident ab minus libero velit enim asperiores aut. Sunt quasi et voluptatem odit. Pariatur officiis magnam distinctio vero ut saepe.','2007-02-11 12:42:42','1972-02-05 12:03:41'),(84,84,'Qui modi incidunt et non earum. Velit consequatur corporis est et reiciendis voluptatem. Aut cum eligendi dolore at sit delectus illum.','1991-01-26 13:32:53','2006-07-31 10:16:04'),(85,85,'Et quasi est sit asperiores eos sed. Voluptatibus voluptatem cupiditate quam rerum fuga beatae sit recusandae. Illo quos magni reiciendis excepturi doloribus sint autem. Nesciunt ut hic omnis aut dolor fugit.','2011-06-30 23:08:02','1990-02-22 00:53:14'),(86,86,'Et quod consectetur fugit reiciendis laborum. Id placeat aperiam non sapiente nihil. Sint ut nulla qui aperiam mollitia. Adipisci sed nihil et nostrum quas id. Quia dolorem voluptatum accusantium.','1980-10-31 01:58:43','2017-03-02 10:37:55'),(87,87,'Voluptatibus recusandae nemo et reprehenderit molestias quae. Enim sunt dolore eaque voluptates. Cupiditate autem repellat illo aliquam modi eum illum libero. Distinctio vero et consequatur aut nihil aut autem.','2012-01-05 02:18:02','2002-09-16 18:54:40'),(88,88,'Expedita consequatur beatae nihil et laudantium. Libero accusamus modi voluptatem maiores itaque. Totam illo error labore ex perspiciatis expedita.','1986-09-15 22:29:28','1992-11-03 21:34:59'),(89,89,'Quia dolore facere saepe consectetur impedit qui quis corporis. Ad expedita atque et quibusdam in est. Qui eveniet velit quae qui.','1979-12-29 10:43:24','1982-12-26 01:16:49'),(90,90,'Cupiditate ex ut adipisci vel omnis odio sunt. Sit a qui dolorem consectetur consequatur ea.','2013-10-15 12:21:32','1998-04-06 23:55:17'),(91,91,'Quo aspernatur esse laborum reprehenderit maiores id. Aliquam tenetur aut ut eum aut mollitia. Provident voluptatem consequatur aut adipisci qui ut.','1978-07-13 22:59:26','2006-02-24 18:02:14'),(92,92,'Exercitationem architecto veritatis maxime quos est illo. Non qui velit incidunt culpa. Nesciunt dignissimos et vitae eius.','2007-03-05 19:02:04','1984-07-08 09:45:40'),(93,93,'Maiores aut dolor et laborum id. Ipsum explicabo placeat esse voluptate quis et rem dolorem. Magni perferendis quam est enim aut sint.','1972-09-03 06:43:30','1975-01-29 12:19:54'),(94,94,'Et error quasi consequatur unde. Eum aut quidem explicabo ad.','2006-06-22 21:44:24','2003-06-06 10:01:00'),(95,95,'Dolorem ea non tempora. Accusamus est aut necessitatibus commodi nam amet et. Possimus necessitatibus inventore quibusdam minus asperiores.','1980-11-03 02:29:35','2004-07-17 02:56:43'),(96,96,'Inventore quod odio dolor cupiditate fuga nesciunt illum. Voluptatibus magnam iusto laudantium facere repellendus autem ratione. Amet aut provident dignissimos vero facilis eius.','2015-08-01 03:50:20','1997-09-03 14:47:34'),(97,97,'Maxime laboriosam voluptate labore et et sit eos et. Molestiae perferendis laborum vero tempore molestiae deserunt magni. Est neque illum rerum voluptate. Omnis consequatur quia ex nobis.','1974-06-08 17:52:00','2006-08-01 16:43:09'),(98,98,'Ut repudiandae quasi deserunt. Et quia nihil facere eligendi. Eum non tempora provident cumque possimus numquam dolorum. Saepe aut est ex aut repellendus aliquid.','2003-02-18 16:05:46','2001-03-21 19:49:24'),(99,99,'Facilis aut pariatur molestiae. Consequatur veniam unde ut et praesentium. Qui molestiae reiciendis commodi nam suscipit nihil. Mollitia tempora dolores eum est nostrum enim qui sunt. Corporis ratione qui voluptas.','1977-01-13 05:37:02','1973-09-18 19:19:10'),(100,100,'Nulla accusantium at molestiae enim ullam. Eligendi soluta aut et corrupti totam dignissimos quod.','1989-03-06 12:55:12','2013-04-24 07:14:01');
/*!40000 ALTER TABLE `user_posts` ENABLE KEYS */;
UNLOCK TABLES;

--
-- Table structure for table `users`
--

DROP TABLE IF EXISTS `users`;
/*!40101 SET @saved_cs_client     = @@character_set_client */;
/*!50503 SET character_set_client = utf8mb4 */;
CREATE TABLE `users` (
  `id` int unsigned NOT NULL AUTO_INCREMENT COMMENT 'Идентификатор строки',
  `first_name` varchar(100) NOT NULL COMMENT 'Имя пользователя',
  `last_name` varchar(100) NOT NULL COMMENT 'Фамилия пользователя',
  `email` varchar(100) NOT NULL COMMENT 'Почта',
  `phone` varchar(100) NOT NULL COMMENT 'Телефон',
  `created_at` datetime DEFAULT CURRENT_TIMESTAMP COMMENT 'Время создания строки',
  `updated_at` datetime DEFAULT CURRENT_TIMESTAMP ON UPDATE CURRENT_TIMESTAMP COMMENT 'Время обновления строки',
  PRIMARY KEY (`id`),
  UNIQUE KEY `email` (`email`),
  UNIQUE KEY `phone` (`phone`)
) ENGINE=InnoDB AUTO_INCREMENT=101 DEFAULT CHARSET=utf8mb4 COLLATE=utf8mb4_0900_ai_ci COMMENT='Пользователи';
/*!40101 SET character_set_client = @saved_cs_client */;

--
-- Dumping data for table `users`
--

LOCK TABLES `users` WRITE;
/*!40000 ALTER TABLE `users` DISABLE KEYS */;
INSERT INTO `users` VALUES (1,'Lia','Nitzsche','abshire.irma@example.org','07877613007','1977-06-22 20:58:25','1987-08-09 07:53:18'),(2,'Ella','Abbott','monte.russel@example.org','1-465-925-1195','2010-09-12 05:17:19','1988-01-28 11:48:53'),(3,'Giovani','Green','cfadel@example.com','331.044.0665','1986-05-10 06:19:03','1993-03-25 19:15:35'),(4,'Elsa','Mohr','pcorkery@example.net','435-425-8561x67244','2018-03-29 10:09:41','1971-04-22 15:17:06'),(5,'Gavin','Borer','scrist@example.com','+35(3)5000457161','2011-07-14 18:09:22','1977-11-03 15:00:20'),(6,'Merritt','Bradtke','dach.agustin@example.org','090.279.7328x46259','1984-06-12 21:53:38','1987-03-03 04:33:07'),(7,'Alexa','Gusikowski','murazik.kasey@example.net','(452)503-6257x9961','1990-10-05 13:53:44','2007-08-13 10:33:20'),(8,'Joaquin','Smitham','lauriane.goodwin@example.net','+58(1)9818180660','2002-10-24 05:24:33','2014-12-22 05:18:26'),(9,'Erling','Waelchi','mayer.maximillian@example.com','846.982.2795','1982-09-08 20:07:25','2002-06-14 14:07:22'),(10,'Breana','Jacobs','dee.heaney@example.org','(739)520-0332','1970-01-04 06:20:03','1973-09-29 07:49:05'),(11,'Skyla','Roob','lonny92@example.org','660.044.5344x505','2014-02-19 12:59:01','1998-03-11 06:33:13'),(12,'Eliseo','Hilll','xshields@example.com','+00(5)2906350729','1993-12-06 21:34:31','1985-11-21 09:51:24'),(13,'Kelvin','Bergstrom','mkreiger@example.org','990.235.4564','1996-01-01 20:29:16','2003-07-19 17:56:23'),(14,'Ressie','Littel','audrey.jacobi@example.org','388.762.8501x02153','1972-10-14 04:41:41','1971-08-12 10:02:04'),(15,'Pierce','Olson','kunze.theresa@example.net','512-988-9807','1994-01-14 11:03:09','2007-06-16 03:18:51'),(16,'Virginia','Reinger','hlueilwitz@example.net','772.160.2167','2005-07-15 08:49:55','1974-08-14 01:32:12'),(17,'Adrian','Keeling','gerlach.elmo@example.net','1-831-998-2506x5875','1986-09-06 09:31:13','1988-08-05 06:57:04'),(18,'Leone','Gutmann','ward.nelson@example.com','513.101.4058','1990-07-08 08:30:11','2001-10-26 18:21:32'),(19,'Rigoberto','Swaniawski','qzieme@example.com','(629)223-1784','1984-03-07 09:50:19','2018-09-25 11:24:42'),(20,'Ezra','Abbott','julianne.hyatt@example.com','(207)597-3516x983','1991-12-07 11:46:53','1981-10-09 04:43:08'),(21,'Jadyn','Ryan','raven.hodkiewicz@example.com','448-221-1474x55606','1993-02-01 16:24:51','2007-05-01 17:06:12'),(22,'Osborne','Fritsch','rudolph59@example.net','656-365-3171','1986-01-28 07:01:00','1989-11-19 20:24:40'),(23,'Kaya','Frami','providenci26@example.com','1-311-303-7491x402','2020-01-18 06:46:37','2016-12-14 19:50:58'),(24,'Gwen','Kiehn','metz.isaac@example.com','(525)678-8930x334','1980-08-27 05:09:21','1973-06-11 06:07:11'),(25,'Dereck','Jaskolski','kertzmann.yasmeen@example.org','521.572.2597x2570','1973-07-21 02:21:44','1987-12-31 18:55:45'),(26,'Ocie','Erdman','dnitzsche@example.com','1-124-765-2016x2609','2004-05-12 21:17:36','1984-10-07 03:55:43'),(27,'Saige','Toy','kory56@example.net','+49(6)5619303621','1971-04-24 17:08:17','1995-07-25 04:51:29'),(28,'Jaiden','Anderson','cbrakus@example.net','(808)664-2292x1478','1978-04-12 01:53:12','1998-05-11 01:15:15'),(29,'Titus','Feest','lenna14@example.com','08378339051','2012-09-15 13:20:49','1998-07-09 01:13:07'),(30,'Waino','O\'Kon','o\'keefe.jammie@example.org','442.276.7578','2001-04-14 05:29:47','1976-10-30 20:34:40'),(31,'Jaleel','Wisoky','cleveland48@example.org','011.072.3283x061','2011-05-05 00:03:55','1991-06-17 23:00:32'),(32,'Geo','Murphy','vswift@example.net','725.274.6456x9801','1972-03-11 14:04:38','2000-04-07 01:40:26'),(33,'Rosalee','Hilll','luther49@example.net','+82(8)6476297925','2003-06-20 04:15:17','2018-03-14 06:18:03'),(34,'Josefina','Leffler','jairo.kub@example.com','1-794-957-4837x93002','1993-03-07 10:26:12','1977-07-31 21:13:11'),(35,'Fritz','Cummings','easton.metz@example.net','498.756.1013x89232','1972-03-28 15:32:24','1973-01-08 09:34:28'),(36,'Aron','Lemke','boyd.watsica@example.com','617-035-4057x20543','1987-09-14 22:38:28','1972-04-19 16:25:21'),(37,'Maudie','Willms','johnny77@example.com','01879248686','1971-05-31 05:53:22','1996-05-31 10:00:02'),(38,'Hosea','Wuckert','fthompson@example.com','466-570-2130x755','1986-02-11 09:53:55','1993-04-07 18:52:29'),(39,'Christ','Funk','golden32@example.org','1-229-628-6205','2000-04-16 09:52:43','1973-01-08 14:06:29'),(40,'Amani','Bartoletti','towne.janet@example.net','(439)434-2279x8070','1977-11-19 12:13:06','1984-05-31 03:15:05'),(41,'Mikel','Hayes','brett23@example.net','025.081.2174','1988-09-21 03:32:43','2011-03-23 05:05:35'),(42,'Jensen','Weimann','arianna48@example.com','1-364-230-2340x83643','1983-10-23 13:53:12','2016-10-01 12:48:27'),(43,'Myrtie','Mitchell','hettie.haag@example.com','944.198.7125','2018-04-23 20:25:00','1988-06-24 02:33:24'),(44,'Tamia','Wiza','kenyon.steuber@example.com','1-880-992-9341x7856','2017-06-26 06:32:09','1971-11-10 22:00:50'),(45,'Oceane','McDermott','bframi@example.net','+55(9)4114525032','2014-10-10 21:51:02','1976-02-01 17:34:28'),(46,'Tabitha','Becker','fabiola.carter@example.com','819.816.5982','1972-09-11 11:04:38','1978-03-26 14:48:03'),(47,'Theodora','Koss','rcormier@example.net','534-048-2477x9146','1972-10-14 07:30:37','2015-07-11 02:52:13'),(48,'Aniyah','Johnson','lhowell@example.net','1-437-063-1992','1988-07-24 08:45:17','1991-06-29 18:09:54'),(49,'Katelynn','Walker','wheller@example.net','1-527-343-1210x12033','1974-06-17 10:43:10','1972-03-27 01:02:07'),(50,'Rowena','Stoltenberg','phagenes@example.org','1-312-969-4180','1985-10-13 18:08:57','1973-07-23 15:19:44'),(51,'Wellington','Yost','amoen@example.org','543-590-9800','1990-02-15 10:13:42','1974-02-27 21:51:32'),(52,'Claudie','Price','ialtenwerth@example.net','(320)789-5084x94637','1999-11-17 17:49:31','1988-02-04 22:21:13'),(53,'Cordell','Fritsch','lfeest@example.com','102.858.8665x00928','1976-06-07 22:39:32','1981-04-25 15:15:18'),(54,'Zane','Durgan','hudson.forest@example.net','(830)147-0527x555','2010-08-03 08:26:10','1984-05-01 09:20:36'),(55,'Jarod','Langosh','darrick00@example.net','672-828-0247x045','2015-04-13 10:41:41','2002-11-27 22:07:09'),(56,'Abbie','Bednar','yschamberger@example.com','(787)584-5365x29671','1976-04-06 17:32:58','2014-08-27 00:51:51'),(57,'Lilly','Kilback','nreilly@example.net','1-694-781-9744x313','1982-03-22 14:21:33','2010-09-10 15:52:21'),(58,'Jaime','Nicolas','rosenbaum.lou@example.net','814-832-5829','1985-09-19 01:10:08','1997-01-24 08:17:19'),(59,'Sharon','Roob','ronny.corwin@example.com','090.345.6790','1986-08-10 00:18:14','2017-02-01 08:15:40'),(60,'Evalyn','Ernser','susan81@example.com','03009311722','1995-08-26 18:19:15','1983-12-09 18:01:26'),(61,'Shad','Fritsch','yvette24@example.org','(227)769-7370x34595','2001-08-08 18:32:19','1980-11-01 04:51:34'),(62,'Cindy','Huels','rwolf@example.org','1-788-351-8120','2012-12-30 21:58:30','2016-01-04 12:20:25'),(63,'Tad','Daniel','abelardo59@example.org','307-061-9638x6123','2013-08-15 06:14:05','1989-07-03 04:03:19'),(64,'Declan','Metz','wilhelmine41@example.org','+08(2)4185766028','1984-02-15 22:19:56','1994-04-29 20:14:06'),(65,'Johnson','Kassulke','hilpert.emanuel@example.net','(689)198-7376x6848','2010-07-30 04:03:22','1981-03-05 15:11:04'),(66,'Sonny','Deckow','akovacek@example.com','(187)545-1571','1999-12-29 14:09:55','2010-01-14 18:13:20'),(67,'Sabina','Herzog','lavinia.spinka@example.com','05753376689','2018-07-23 15:35:36','2004-02-24 02:17:54'),(68,'Alfonzo','Hills','mcdermott.clemens@example.org','(673)370-9330x05907','1998-05-29 13:55:14','2010-06-23 17:20:31'),(69,'Mariane','Stanton','ankunding.willard@example.net','662-448-5480x75096','2009-01-23 05:19:23','1979-06-15 10:27:01'),(70,'Dalton','Thiel','bosco.elise@example.org','1-239-773-7642x8892','1991-06-01 05:48:20','1989-02-03 10:38:17'),(71,'Edmund','Stehr','hayley.breitenberg@example.net','607-087-8638','1989-07-15 20:57:04','1973-11-08 17:26:00'),(72,'Bessie','Hansen','pstrosin@example.net','282.702.3020x349','2004-02-23 21:15:30','1994-04-13 20:00:17'),(73,'Joana','Turcotte','hailey37@example.org','387.278.8677x65961','2017-10-24 21:13:26','1991-04-09 21:12:18'),(74,'Terence','Kovacek','wintheiser.carolina@example.com','582-246-1153x605','1977-11-04 23:36:21','1984-02-01 02:13:48'),(75,'Leonora','Collins','cindy.mraz@example.com','(048)432-6070','1984-05-17 21:14:48','2014-05-17 04:44:45'),(76,'Celestino','Lebsack','urban56@example.com','067-906-4326x1006','1999-05-28 23:11:10','2007-08-12 16:30:40'),(77,'Jettie','Beahan','hassie.walter@example.net','1-890-769-1451x2206','2005-05-22 15:31:05','2006-03-02 14:07:58'),(78,'Henri','Kautzer','vbeahan@example.com','(518)601-1606','2009-03-11 15:55:15','2016-12-11 12:39:08'),(79,'Eugenia','Renner','mosciski.willard@example.com','908.900.9010','2008-10-14 14:20:47','2009-12-27 15:31:34'),(80,'Cletus','Mitchell','howard85@example.org','(490)864-9545','2002-10-29 13:41:41','1980-06-22 06:41:25'),(81,'Barry','Metz','norma.jenkins@example.net','+37(3)6845856475','1978-12-22 09:21:43','1987-04-22 20:31:15'),(82,'Selmer','Glover','fpadberg@example.com','127.978.2063x24969','1987-07-27 20:33:31','1989-01-19 05:50:44'),(83,'Amparo','Wilkinson','kyleigh.fisher@example.com','(529)715-9363x48577','1990-04-02 03:10:46','2005-11-29 06:05:03'),(84,'Loraine','Harvey','wunsch.presley@example.org','(515)323-7506','1978-03-03 14:36:19','1971-11-30 10:25:08'),(85,'Madyson','Koss','egoodwin@example.com','1-179-764-9030x00607','2004-08-24 03:00:36','2010-05-25 12:10:04'),(86,'Eldridge','Spencer','ao\'conner@example.net','119-196-7443x59842','2017-07-03 03:05:33','1977-11-17 01:53:03'),(87,'Archibald','Will','schuster.leonora@example.net','05667179105','1994-09-07 21:20:02','1997-09-13 05:14:19'),(88,'Larissa','Beier','hluettgen@example.com','076-386-9450x373','1988-02-04 07:00:53','1982-04-10 14:02:05'),(89,'Catherine','Brakus','ivah21@example.com','(214)658-4709x7708','1973-11-09 03:27:39','1982-06-13 06:02:17'),(90,'Immanuel','Morissette','murphy.cornelius@example.net','04431912777','2020-05-31 16:28:02','1973-05-05 15:10:43'),(91,'Mohammed','Brekke','zita.daugherty@example.net','1-254-378-2018x298','2003-02-14 11:24:42','1981-09-16 03:54:01'),(92,'Michele','Haag','adrianna48@example.com','018-483-3269','1993-01-25 14:44:42','2003-09-25 16:24:07'),(93,'David','Klocko','kfeil@example.com','1-997-348-0463','2009-06-07 02:11:16','1997-01-13 08:46:00'),(94,'Adolphus','Huels','sjohnson@example.net','+95(7)0959711309','1995-11-12 20:33:07','1983-11-28 20:39:36'),(95,'Ramiro','Larkin','crystal.renner@example.net','1-664-196-5960x282','2001-07-13 09:44:11','2015-08-29 23:53:28'),(96,'Alisa','Jacobi','lukas56@example.com','524-530-0382','2019-08-02 09:12:05','2001-08-08 18:07:45'),(97,'Augustus','Trantow','bennie43@example.com','05048367310','1995-12-02 16:00:22','1982-03-22 13:35:27'),(98,'Chet','Toy','luettgen.kenton@example.com','815-797-7062','1998-01-24 03:23:24','1971-04-01 21:51:18'),(99,'Aglae','Wilkinson','green21@example.net','(252)575-3999x8954','1982-06-15 12:34:30','1999-08-30 04:08:41'),(100,'Dawn','Hills','maximilian85@example.org','796-668-5037','1996-04-06 08:46:48','1999-11-21 10:37:36');
/*!40000 ALTER TABLE `users` ENABLE KEYS */;
UNLOCK TABLES;
/*!40103 SET TIME_ZONE=@OLD_TIME_ZONE */;

/*!40101 SET SQL_MODE=@OLD_SQL_MODE */;
/*!40014 SET FOREIGN_KEY_CHECKS=@OLD_FOREIGN_KEY_CHECKS */;
/*!40014 SET UNIQUE_CHECKS=@OLD_UNIQUE_CHECKS */;
/*!40101 SET CHARACTER_SET_CLIENT=@OLD_CHARACTER_SET_CLIENT */;
/*!40101 SET CHARACTER_SET_RESULTS=@OLD_CHARACTER_SET_RESULTS */;
/*!40101 SET COLLATION_CONNECTION=@OLD_COLLATION_CONNECTION */;
/*!40111 SET SQL_NOTES=@OLD_SQL_NOTES */;

-- Dump completed on 2021-04-02 23:02:15
